date,days_to_roll,price_1,price_2,price_3,price_4,price_5,price_6,price_7,price_8,price_9,price_10,price_11,price_12,price_13,price_14,price_15,price_16,label_1,label_2,label_3,label_4,label_5,label_6,label_7,label_8,label_9,label_10,label_11,label_12,label_13,label_14,label_15,label_16
2024-06-18,2,62.850,52.950,54.420,58.140,61.830,64.390,66.430,67.190,67.840,68.430,69.730,68.030,69.470,,,,N24,Q24,U24,V24,X24,Z24,F25,G25,H25,J25,K25,M25,N25,,,
2024-06-20,0,63.450,53.530,54.920,58.580,62.230,64.770,66.790,67.540,68.180,68.760,70.060,68.360,69.810,,,,N24,Q24,U24,V24,X24,Z24,F25,G25,H25,J25,K25,M25,N25,,,
2024-06-21,31,62.890,53.000,54.400,58.050,61.690,64.230,66.250,67.010,67.660,68.250,69.560,67.860,69.810,72.960,,,Q24,U24,V24,X24,Z24,F25,G25,H25,J25,K25,M25,N25,Q25,U25,,
2024-06-24,28,63.790,53.900,55.310,58.940,62.560,65.080,67.090,67.830,68.470,69.050,70.340,68.630,70.560,73.700,,,Q24,U24,V24,X24,Z24,F25,G25,H25,J25,K25,M25,N25,Q25,U25,,
2024-06-25,27,62.990,53.110,54.570,58.280,61.970,64.550,66.600,67.390,68.070,68.670,69.990,68.300,,,,,Q24,U24,V24,X24,Z24,F25,G25,H25,J25,K25,M25,N25,,,,
2024-06-26,26,63.060,53.230,54.730,58.480,62.220,64.830,66.900,67.700,68.390,69.010,70.330,68.650,,,,,Q24,U24,V24,X24,Z24,F25,G25,H25,J25,K25,M25,N25,,,,
2024-06-27,25,63.900,53.870,55.230,58.900,62.580,65.150,67.180,67.940,68.600,69.180,70.470,68.750,70.660,73.790,,,Q24,U24,V24,X24,Z24,F25,G25,H25,J25,K25,M25,N25,Q25,U25,,
2024-06-28,24,63.700,53.680,55.010,58.650,62.320,64.880,66.900,67.660,68.310,68.910,70.210,68.500,70.420,73.560,,,Q24,U24,V24,X24,Z24,F25,G25,H25,J25,K25,M25,N25,Q25,U25,,
2024-07-01,21,65.540,55.360,56.580,60.130,63.730,66.230,68.220,68.940,69.560,70.120,71.400,69.670,71.570,74.690,,,Q24,U24,V24,X24,Z24,F25,G25,H25,J25,K25,M25,N25,Q25,U25,,
2024-07-02,20,64.970,54.950,56.280,59.900,63.540,66.080,68.090,68.850,69.490,70.070,71.360,69.630,,,,,Q24,U24,V24,X24,Z24,F25,G25,H25,J25,K25,M25,N25,,,,
2024-07-03,19,66.040,56.060,57.380,60.970,64.570,67.070,69.040,69.760,70.380,70.930,72.180,70.430,72.310,75.410,,,Q24,U24,V24,X24,Z24,F25,G25,H25,J25,K25,M25,N25,Q25,U25,,
2024-07-05,17,65.320,55.300,56.620,60.210,63.800,66.310,68.300,69.040,69.670,70.240,71.520,69.780,71.680,74.800,,,Q24,U24,V24,X24,Z24,F25,G25,H25,J25,K25,M25,N25,Q25,U25,,
2024-07-08,14,64.490,54.560,55.940,59.600,63.260,65.810,67.850,68.620,69.290,69.890,71.190,69.480,,,,,Q24,U24,V24,X24,Z24,F25,G25,H25,J25,K25,M25,N25,,,,
2024-07-09,13,63.570,53.600,54.960,58.590,62.230,64.790,66.840,67.640,68.330,68.950,70.270,68.580,,,,,Q24,U24,V24,X24,Z24,F25,G25,H25,J25,K25,M25,N25,,,,
2024-07-10,12,64.260,54.110,55.320,58.860,62.430,64.920,66.930,67.690,68.360,68.970,70.280,68.570,70.500,73.650,,,Q24,U24,V24,X24,Z24,F25,G25,H25,J25,K25,M25,N25,Q25,U25,,
2024-07-11,11,64.780,54.420,55.510,59.020,62.590,65.080,67.060,67.800,68.440,69.030,70.330,68.610,70.540,73.680,,,Q24,U24,V24,X24,Z24,F25,G25,H25,J25,K25,M25,N25,Q25,U25,,
2024-07-12,10,64.370,54.060,55.210,58.750,62.380,64.920,66.930,67.670,68.330,68.920,70.230,68.520,70.450,73.600,,,Q24,U24,V24,X24,Z24,F25,G25,H25,J25,K25,M25,N25,Q25,U25,,
2024-07-15,7,64.070,53.880,55.020,58.610,62.180,64.770,66.790,67.480,68.160,68.730,70.090,68.470,70.260,73.350,,,Q24,U24,V24,X24,Z24,F25,G25,H25,J25,K25,M25,N25,Q25,U25,,
2024-07-16,6,62.920,52.750,53.920,57.510,61.140,63.710,65.740,66.550,67.090,67.690,69.190,67.600,69.470,72.260,,,Q24,U24,V24,X24,Z24,F25,G25,H25,J25,K25,M25,N25,Q25,U25,,
2024-07-17,5,65.010,54.480,55.310,58.780,62.270,64.710,66.680,67.420,67.820,68.410,69.940,68.120,69.640,73.170,64.010,58.840,Q24,U24,V24,X24,Z24,F25,G25,H25,J25,K25,M25,N25,Q25,U25,V25,X25
2024-07-18,4,64.980,54.340,55.210,58.220,61.790,64.280,66.270,67.070,67.700,68.260,69.640,68.230,70.220,73.070,,,Q24,U24,V24,X24,Z24,F25,G25,H25,J25,K25,M25,N25,Q25,U25,,
2024-07-19,3,62.290,51.680,52.730,56.300,59.840,62.420,64.480,65.280,66.010,66.620,68.020,66.400,67.870,72.830,63.970,,Q24,U24,V24,X24,Z24,F25,G25,H25,J25,K25,M25,N25,Q25,U25,V25,
2024-07-22,0,61.940,51.440,52.580,55.970,59.620,62.190,64.360,65.140,66.120,66.470,67.980,66.280,68.210,71.460,61.630,,Q24,U24,V24,X24,Z24,F25,G25,H25,J25,K25,M25,N25,Q25,U25,V25,
2024-07-23,28,60.500,50.030,51.780,55.160,58.780,61.300,63.550,63.990,65.310,65.700,67.150,65.300,67.320,71.320,,,U24,V24,X24,Z24,F25,G25,H25,J25,K25,M25,N25,Q25,U25,V25,,
2024-07-24,27,61.130,50.690,51.870,55.260,58.910,61.460,63.710,64.270,65.570,65.840,67.520,66.090,67.700,,,,U24,V24,X24,Z24,F25,G25,H25,J25,K25,M25,N25,Q25,U25,,,
2024-07-25,26,61.820,51.220,52.560,55.940,59.590,62.120,64.320,64.760,66.050,66.450,67.960,66.430,67.860,,,,U24,V24,X24,Z24,F25,G25,H25,J25,K25,M25,N25,Q25,U25,,,
2024-07-26,25,60.700,50.110,50.810,54.290,58.040,60.780,63.000,63.930,65.340,65.200,67.550,65.330,67.410,,,,U24,V24,X24,Z24,F25,G25,H25,J25,K25,M25,N25,Q25,U25,,,
2024-07-29,22,59.350,48.910,50.440,53.960,57.740,60.340,62.670,63.340,64.630,64.950,66.330,65.010,66.960,70.940,,,U24,V24,X24,Z24,F25,G25,H25,J25,K25,M25,N25,Q25,U25,V25,,
2024-07-30,21,58.270,47.990,49.960,53.490,57.310,59.970,62.330,62.680,64.010,64.690,66.270,64.710,,,,,U24,V24,X24,Z24,F25,G25,H25,J25,K25,M25,N25,Q25,,,,
2024-07-31,20,61.450,50.950,52.950,56.350,60.070,62.590,64.810,65.430,66.560,66.900,68.000,66.300,68.240,71.700,63.130,58.360,U24,V24,X24,Z24,F25,G25,H25,J25,K25,M25,N25,Q25,U25,V25,X25,Z25
2024-08-01,19,59.850,49.510,51.500,54.980,58.720,61.330,63.630,64.220,65.760,65.900,67.440,65.840,67.870,71.550,62.500,57.570,U24,V24,X24,Z24,F25,G25,H25,J25,K25,M25,N25,Q25,U25,V25,X25,Z25
2024-08-02,18,57.060,46.700,48.810,52.310,56.100,58.670,61.030,61.660,62.970,63.390,64.940,63.500,65.360,,,,U24,V24,X24,Z24,F25,G25,H25,J25,K25,M25,N25,Q25,U25,,,
2024-08-05,15,56.480,46.310,48.870,52.450,56.270,58.880,61.190,61.790,62.830,63.540,64.730,63.410,64.910,,,,U24,V24,X24,Z24,F25,G25,H25,J25,K25,M25,N25,Q25,U25,,,
2024-08-06,14,56.740,46.450,47.840,51.360,55.250,57.890,60.100,60.930,62.410,62.680,64.820,62.780,64.810,,,,U24,V24,X24,Z24,F25,G25,H25,J25,K25,M25,N25,Q25,U25,,,
2024-08-07,13,58.770,48.280,49.810,53.280,56.990,59.440,61.820,62.370,63.730,64.090,65.730,64.300,66.320,69.700,,,U24,V24,X24,Z24,F25,G25,H25,J25,K25,M25,N25,Q25,U25,V25,,
2024-08-08,12,59.730,49.150,50.380,53.830,57.570,60.150,62.460,63.050,64.490,64.740,66.180,64.850,,,,,U24,V24,X24,Z24,F25,G25,H25,J25,K25,M25,N25,Q25,,,,
2024-08-09,11,60.380,49.720,51.110,54.510,58.230,60.820,63.000,63.590,65.000,65.340,66.900,65.310,,,,,U24,V24,X24,Z24,F25,G25,H25,J25,K25,M25,N25,Q25,,,,
2024-08-12,8,63.600,52.570,53.200,56.430,60.010,62.440,64.680,65.210,66.580,66.760,68.290,66.650,68.930,72.240,63.190,58.310,U24,V24,X24,Z24,F25,G25,H25,J25,K25,M25,N25,Q25,U25,V25,X25,Z25
2024-08-13,7,61.890,50.910,52.310,55.620,59.280,61.760,64.040,64.370,65.790,66.160,67.550,66.120,67.860,,,,U24,V24,X24,Z24,F25,G25,H25,J25,K25,M25,N25,Q25,U25,,,
2024-08-14,6,60.520,49.950,51.380,54.760,58.450,61.030,63.300,63.880,65.410,65.520,67.150,65.520,67.360,,,,U24,V24,X24,Z24,F25,G25,H25,J25,K25,M25,N25,Q25,U25,,,
2024-08-15,5,61.700,51.100,52.270,55.690,59.370,61.920,64.170,64.670,66.020,66.290,67.760,66.200,68.190,72.130,,,U24,V24,X24,Z24,F25,G25,H25,J25,K25,M25,N25,Q25,U25,V25,,
2024-08-16,4,60.190,49.650,50.880,54.300,58.010,60.620,62.920,63.670,64.990,65.170,66.740,65.520,67.060,71.060,,,U24,V24,X24,Z24,F25,G25,H25,J25,K25,M25,N25,Q25,U25,V25,,
2024-08-19,1,57.910,47.770,49.420,52.980,56.820,59.480,61.810,62.450,63.730,64.150,65.650,64.180,66.030,70.570,,,U24,V24,X24,Z24,F25,G25,H25,J25,K25,M25,N25,Q25,U25,V25,,
2024-08-20,0,57.580,47.280,48.640,52.180,55.960,58.590,60.960,61.600,63.030,63.310,65.030,63.540,65.410,68.910,60.320,55.280,U24,V24,X24,Z24,F25,G25,H25,J25,K25,M25,N25,Q25,U25,V25,X25,Z25
2024-08-21,30,56.340,46.230,47.640,51.260,55.060,57.710,60.090,60.750,62.250,62.500,64.060,62.790,64.450,,,,V24,X24,Z24,F25,G25,H25,J25,K25,M25,N25,Q25,U25,V25,,,
2024-08-22,29,57.420,47.120,48.440,51.960,55.740,58.380,60.770,61.280,62.880,63.010,64.660,63.370,65.460,68.580,60.190,55.640,V24,X24,Z24,F25,G25,H25,J25,K25,M25,N25,Q25,U25,V25,X25,Z25,F26
2024-08-23,28,59.240,48.940,50.140,53.610,57.350,59.910,62.240,62.830,64.330,64.470,66.110,64.710,,,,,V24,X24,Z24,F25,G25,H25,J25,K25,M25,N25,Q25,U25,,,,
2024-08-26,25,61.830,50.790,51.740,55.010,58.620,61.120,63.480,64.270,65.440,65.640,67.450,65.800,68.100,71.140,62.450,,V24,X24,Z24,F25,G25,H25,J25,K25,M25,N25,Q25,U25,V25,X25,Z25,
2024-08-27,24,59.940,49.590,50.620,54.000,57.660,60.200,62.560,63.100,64.600,64.740,66.400,65.070,,,,,V24,X24,Z24,F25,G25,H25,J25,K25,M25,N25,Q25,U25,,,,
2024-08-28,23,58.930,48.180,49.210,52.590,56.270,58.870,61.230,62.090,63.330,63.750,65.550,63.840,,,,,V24,X24,Z24,F25,G25,H25,J25,K25,M25,N25,Q25,U25,,,,
2024-08-29,22,60.320,49.730,50.680,54.030,57.710,60.270,62.630,63.230,64.690,64.860,66.510,65.110,67.110,70.210,61.900,,V24,X24,Z24,F25,G25,H25,J25,K25,M25,N25,Q25,U25,V25,X25,Z25,
2024-08-30,21,57.960,47.640,48.770,52.230,55.980,58.570,60.960,61.380,63.130,63.360,65.060,63.670,65.750,68.820,60.540,,V24,X24,Z24,F25,G25,H25,J25,K25,M25,N25,Q25,U25,V25,X25,Z25,
2024-09-03,17,54.750,44.390,45.740,49.340,53.160,55.830,58.240,58.970,60.530,60.970,62.550,61.410,63.640,66.950,58.300,,V24,X24,Z24,F25,G25,H25,J25,K25,M25,N25,Q25,U25,V25,X25,Z25,
2024-09-04,16,53.610,43.410,44.780,48.450,52.290,54.990,57.460,58.070,59.820,60.030,61.980,60.720,63.570,,,,V24,X24,Z24,F25,G25,H25,J25,K25,M25,N25,Q25,U25,V25,,,
2024-09-05,15,53.560,43.550,45.040,48.760,52.690,55.480,57.850,58.690,60.420,60.780,62.530,61.230,63.550,,,,V24,X24,Z24,F25,G25,H25,J25,K25,M25,N25,Q25,U25,V25,,,
2024-09-06,14,52.080,42.330,43.700,47.410,51.370,54.200,56.790,57.700,59.270,59.710,61.440,60.280,62.320,65.420,57.510,,V24,X24,Z24,F25,G25,H25,J25,K25,M25,N25,Q25,U25,V25,X25,Z25,
2024-09-09,11,53.120,42.900,44.170,47.760,51.630,54.400,56.980,57.790,59.410,59.640,61.620,60.100,62.680,65.800,57.550,52.510,V24,X24,Z24,F25,G25,H25,J25,K25,M25,N25,Q25,U25,V25,X25,Z25,F26
2024-09-10,10,50.160,40.540,41.980,45.710,49.670,52.470,55.080,55.730,57.590,57.810,59.420,58.650,60.600,63.970,55.940,,V24,X24,Z24,F25,G25,H25,J25,K25,M25,N25,Q25,U25,V25,X25,Z25,
2024-09-11,9,51.720,41.590,42.970,46.660,50.580,53.340,55.920,56.740,58.400,58.670,60.450,59.390,,,,,V24,X24,Z24,F25,G25,H25,J25,K25,M25,N25,Q25,U25,,,,
2024-09-12,8,53.380,43.240,44.490,48.090,51.990,54.750,57.310,57.940,59.750,60.080,61.810,60.640,62.700,66.470,57.860,,V24,X24,Z24,F25,G25,H25,J25,K25,M25,N25,Q25,U25,V25,X25,Z25,
2024-09-13,7,53.060,43.190,44.380,47.930,51.800,54.580,57.140,57.850,59.520,59.850,61.650,60.450,62.780,66.010,57.620,52.610,V24,X24,Z24,F25,G25,H25,J25,K25,M25,N25,Q25,U25,V25,X25,Z25,F26
2024-09-16,4,54.500,44.220,45.350,48.880,52.740,55.470,58.020,58.720,60.350,60.600,62.300,61.170,,,,,V24,X24,Z24,F25,G25,H25,J25,K25,M25,N25,Q25,U25,,,,
2024-09-17,3,55.600,44.850,45.980,49.510,53.350,56.100,58.640,59.440,60.930,61.390,63.140,61.770,64.420,66.730,58.860,,V24,X24,Z24,F25,G25,H25,J25,K25,M25,N25,Q25,U25,V25,X25,Z25,
2024-09-18,2,55.320,44.050,45.180,48.710,52.560,55.320,57.910,58.560,60.210,60.830,62.640,61.090,63.730,66.940,58.250,53.300,V24,X24,Z24,F25,G25,H25,J25,K25,M25,N25,Q25,U25,V25,X25,Z25,F26
2024-09-19,1,56.360,46.020,47.000,50.410,54.160,56.850,59.310,59.990,61.590,61.850,63.580,62.340,65.010,67.780,59.340,,V24,X24,Z24,F25,G25,H25,J25,K25,M25,N25,Q25,U25,V25,X25,Z25,
2024-09-20,0,56.330,46.150,47.120,50.510,54.220,56.900,59.390,60.000,61.690,61.800,63.600,62.400,64.700,67.110,59.490,54.550,V24,X24,Z24,F25,G25,H25,J25,K25,M25,N25,Q25,U25,V25,X25,Z25,F26
2024-09-23,29,55.810,45.770,46.830,50.270,53.960,56.660,59.130,59.780,61.540,61.610,63.370,62.170,,,,,X24,Z24,F25,G25,H25,J25,K25,M25,N25,Q25,U25,V25,,,,
2024-09-24,28,56.620,46.670,47.770,51.200,54.890,57.550,60.100,60.630,62.430,62.510,64.230,62.810,66.100,67.720,,,X24,Z24,F25,G25,H25,J25,K25,M25,N25,Q25,U25,V25,X25,Z25,,
2024-09-25,27,54.920,45.090,46.300,49.820,53.600,56.300,58.960,59.460,61.350,61.410,63.150,61.920,64.810,66.740,,,X24,Z24,F25,G25,H25,J25,K25,M25,N25,Q25,U25,V25,X25,Z25,,
2024-09-26,26,52.540,42.790,44.060,47.660,51.510,54.290,57.010,57.600,59.870,59.700,61.580,60.650,64.060,65.300,,,X24,Z24,F25,G25,H25,J25,K25,M25,N25,Q25,U25,V25,X25,Z25,,
2024-09-27,25,53.720,43.930,45.170,48.750,52.550,55.320,57.970,58.540,60.210,60.330,62.320,61.160,64.050,66.050,,,X24,Z24,F25,G25,H25,J25,K25,M25,N25,Q25,U25,V25,X25,Z25,,
2024-09-30,22,53.370,43.730,45.030,48.670,52.480,55.250,57.930,58.500,60.560,60.570,62.350,61.150,,,,,X24,Z24,F25,G25,H25,J25,K25,M25,N25,Q25,U25,V25,,,,
2024-10-01,21,55.840,46.070,47.260,50.790,54.540,57.220,59.880,60.330,62.080,62.370,64.070,62.740,66.080,67.630,59.940,54.550,X24,Z24,F25,G25,H25,J25,K25,M25,N25,Q25,U25,V25,X25,Z25,F26,G26
2024-10-02,20,56.090,46.330,47.550,51.040,54.750,57.450,60.020,60.520,62.380,62.010,64.170,62.330,65.510,67.740,59.400,,X24,Z24,F25,G25,H25,J25,K25,M25,N25,Q25,U25,V25,X25,Z25,F26,
2024-10-03,19,58.790,48.970,50.060,53.410,57.040,59.590,62.070,62.460,64.340,64.220,65.890,64.790,67.690,69.300,61.650,56.510,X24,Z24,F25,G25,H25,J25,K25,M25,N25,Q25,U25,V25,X25,Z25,F26,G26
2024-10-04,18,59.530,49.600,50.570,53.850,57.320,59.830,62.470,62.590,64.450,64.260,65.850,64.650,67.690,69.180,,,X24,Z24,F25,G25,H25,J25,K25,M25,N25,Q25,U25,V25,X25,Z25,,
2024-10-07,15,62.370,52.400,53.360,56.640,60.090,62.530,64.880,65.150,66.790,66.750,68.170,66.870,69.780,71.260,63.480,57.020,X24,Z24,F25,G25,H25,J25,K25,M25,N25,Q25,U25,V25,X25,Z25,F26,G26
2024-10-08,14,58.980,49.130,50.260,53.750,57.410,60.010,62.480,62.930,64.750,64.740,66.410,64.950,68.220,69.660,62.060,,X24,Z24,F25,G25,H25,J25,K25,M25,N25,Q25,U25,V25,X25,Z25,F26,
2024-10-09,13,58.440,48.500,49.570,52.930,56.520,59.110,61.650,62.050,63.900,63.850,65.550,64.230,66.730,68.920,,,X24,Z24,F25,G25,H25,J25,K25,M25,N25,Q25,U25,V25,X25,Z25,,
2024-10-10,12,60.670,50.640,51.690,54.990,58.510,60.990,63.420,63.700,65.640,65.350,66.950,65.770,68.890,70.100,62.650,,X24,Z24,F25,G25,H25,J25,K25,M25,N25,Q25,U25,V25,X25,Z25,F26,
2024-10-11,11,60.570,50.540,51.600,54.920,58.460,60.960,63.360,63.780,65.780,65.660,67.070,65.760,,,,,X24,Z24,F25,G25,H25,J25,K25,M25,N25,Q25,U25,V25,,,,
2024-10-14,8,56.940,47.120,48.300,51.860,55.450,58.170,60.710,61.170,63.020,63.020,64.680,64.900,66.510,68.210,61.440,,X24,Z24,F25,G25,H25,J25,K25,M25,N25,Q25,U25,V25,X25,Z25,F26,
2024-10-15,7,56.120,46.260,47.430,50.930,54.610,57.240,59.820,60.280,62.100,62.110,63.820,62.370,65.090,67.330,59.360,53.770,X24,Z24,F25,G25,H25,J25,K25,M25,N25,Q25,U25,V25,X25,Z25,F26,G26
2024-10-16,6,55.790,45.920,47.110,50.580,54.250,56.870,59.430,59.860,61.670,61.680,63.460,62.190,,,,,X24,Z24,F25,G25,H25,J25,K25,M25,N25,Q25,U25,V25,,,,
2024-10-17,5,55.450,45.600,46.750,50.220,53.900,56.690,59.170,59.620,61.660,61.670,63.320,62.090,64.830,66.730,59.280,,X24,Z24,F25,G25,H25,J25,K25,M25,N25,Q25,U25,V25,X25,Z25,F26,
2024-10-18,4,54.420,44.660,45.840,49.360,53.110,55.780,58.410,58.910,60.910,60.980,62.580,61.460,64.340,66.180,58.300,,X24,Z24,F25,G25,H25,J25,K25,M25,N25,Q25,U25,V25,X25,Z25,F26,
2024-10-21,1,55.380,45.600,46.740,50.210,53.890,56.550,59.150,59.610,61.760,62.030,63.260,62.280,65.640,66.730,,,X24,Z24,F25,G25,H25,J25,K25,M25,N25,Q25,U25,V25,X25,Z25,,
2024-10-22,0,57.320,47.130,48.300,51.730,55.390,58.010,60.540,60.990,62.880,63.030,64.520,63.360,66.690,67.900,60.320,54.910,X24,Z24,F25,G25,H25,J25,K25,M25,N25,Q25,U25,V25,X25,Z25,F26,G26
2024-10-23,28,57.060,46.850,48.030,51.460,55.160,57.810,60.330,60.770,62.520,62.830,64.050,,,,,,Z24,F25,G25,H25,J25,K25,M25,N25,Q25,U25,V25,,,,,
2024-10-24,27,56.340,46.230,47.470,50.920,54.610,57.290,59.860,60.380,62.250,62.530,63.930,62.770,66.110,67.870,59.310,54.910,Z24,F25,G25,H25,J25,K25,M25,N25,Q25,U25,V25,X25,Z25,F26,G26,H26
2024-10-25,26,57.700,47.530,48.740,52.170,55.850,58.520,61.070,61.460,63.270,63.510,64.920,63.090,67.230,67.680,59.630,,Z24,F25,G25,H25,J25,K25,M25,N25,Q25,U25,V25,X25,Z25,F26,G26,
2024-10-28,23,54.020,43.810,45.040,48.530,52.280,55.030,57.670,58.190,59.870,60.380,61.730,60.480,64.240,65.060,57.770,,Z24,F25,G25,H25,J25,K25,M25,N25,Q25,U25,V25,X25,Z25,F26,G26,
2024-10-29,22,53.500,43.320,44.560,48.080,51.850,54.610,57.200,57.750,59.630,60.000,61.260,59.980,63.900,,,,Z24,F25,G25,H25,J25,K25,M25,N25,Q25,U25,V25,X25,Z25,,,
2024-10-30,21,55.080,44.880,46.070,49.550,53.260,55.990,58.600,59.130,60.850,61.150,62.310,60.890,65.070,65.500,,,Z24,F25,G25,H25,J25,K25,M25,N25,Q25,U25,V25,X25,Z25,F26,,
2024-10-31,20,56.540,46.300,47.450,50.860,54.540,57.230,59.760,60.200,61.970,62.210,63.500,61.980,65.970,66.620,59.380,54.930,Z24,F25,G25,H25,J25,K25,M25,N25,Q25,U25,V25,X25,Z25,F26,G26,H26
2024-11-01,19,55.340,45.150,46.370,49.870,53.600,56.320,58.880,59.370,61.330,61.580,63.130,61.520,65.170,66.630,,,Z24,F25,G25,H25,J25,K25,M25,N25,Q25,U25,V25,X25,Z25,F26,,
2024-11-04,16,57.680,47.470,48.650,52.030,55.690,58.310,60.790,61.190,62.850,63.160,64.450,62.920,66.670,67.400,59.940,55.410,Z24,F25,G25,H25,J25,K25,M25,N25,Q25,U25,V25,X25,Z25,F26,G26,H26
2024-11-05,15,58.110,47.870,49.030,52.460,56.000,58.570,61.050,61.450,63.200,63.380,64.750,63.170,66.790,67.910,60.380,55.770,Z24,F25,G25,H25,J25,K25,M25,N25,Q25,U25,V25,X25,Z25,F26,G26,H26
2024-11-06,14,57.910,47.670,48.820,52.240,55.880,58.520,61.010,61.430,63.100,63.460,64.770,63.270,66.950,67.460,60.020,55.550,Z24,F25,G25,H25,J25,K25,M25,N25,Q25,U25,V25,X25,Z25,F26,G26,H26
2024-11-07,13,58.010,47.850,49.070,52.490,56.160,58.830,61.330,61.750,63.490,63.770,65.270,63.630,67.310,67.400,60.090,56.230,Z24,F25,G25,H25,J25,K25,M25,N25,Q25,U25,V25,X25,Z25,F26,G26,H26
2024-11-08,12,56.440,46.400,47.670,51.180,54.910,57.590,60.170,60.670,62.470,62.770,64.080,62.570,66.350,67.460,60.130,55.900,Z24,F25,G25,H25,J25,K25,M25,N25,Q25,U25,V25,X25,Z25,F26,G26,H26
2024-11-11,9,54.160,44.270,45.660,49.250,53.050,55.830,58.430,58.980,60.670,61.180,62.480,61.050,64.930,,,,Z24,F25,G25,H25,J25,K25,M25,N25,Q25,U25,V25,X25,Z25,,,
2024-11-12,8,53.980,44.040,45.410,48.970,52.740,55.500,58.100,58.610,60.480,60.810,62.330,60.980,64.530,65.550,,,Z24,F25,G25,H25,J25,K25,M25,N25,Q25,U25,V25,X25,Z25,F26,,
2024-11-13,7,54.050,44.130,45.430,48.970,52.720,55.490,58.050,58.540,60.400,60.640,62.250,60.950,64.420,65.420,,,Z24,F25,G25,H25,J25,K25,M25,N25,Q25,U25,V25,X25,Z25,F26,,
2024-11-14,6,54.630,44.660,45.960,49.460,53.190,55.920,58.500,58.970,60.830,61.120,62.460,61.050,64.720,65.720,,,Z24,F25,G25,H25,J25,K25,M25,N25,Q25,U25,V25,X25,Z25,F26,,
2024-11-15,5,52.960,43.110,44.490,48.060,51.860,54.630,57.240,57.830,59.570,59.920,61.290,59.950,63.650,,,,Z24,F25,G25,H25,J25,K25,M25,N25,Q25,U25,V25,X25,Z25,,,
2024-11-18,2,55.110,45.310,46.710,50.240,54.000,56.720,59.290,59.790,61.710,61.980,63.390,61.850,65.470,66.280,57.540,54.240,Z24,F25,G25,H25,J25,K25,M25,N25,Q25,U25,V25,X25,Z25,F26,G26,H26
2024-11-19,1,55.510,45.490,46.810,50.360,54.120,56.860,59.450,60.080,61.850,62.200,63.500,61.970,65.700,66.940,59.310,54.410,Z24,F25,G25,H25,J25,K25,M25,N25,Q25,U25,V25,X25,Z25,F26,G26,H26
2024-11-20,0,54.960,45.270,46.560,50.070,53.870,56.570,59.200,59.690,61.510,61.830,63.110,61.770,65.480,66.600,,,Z24,F25,G25,H25,J25,K25,M25,N25,Q25,U25,V25,X25,Z25,F26,,
2024-11-21,28,56.050,46.310,47.510,50.920,54.700,57.320,59.930,60.360,62.110,62.530,63.460,62.330,66.200,66.600,59.450,,F25,G25,H25,J25,K25,M25,N25,Q25,U25,V25,X25,Z25,F26,G26,H26,
2024-11-22,27,57.100,47.200,48.320,51.720,55.530,58.070,60.680,61.060,62.800,63.210,64.520,62.930,66.500,,,,F25,G25,H25,J25,K25,M25,N25,Q25,U25,V25,X25,Z25,F26,,,
2024-11-25,24,55.000,45.200,46.440,49.850,53.650,56.300,58.900,59.390,61.160,61.560,62.720,61.300,64.870,,,,F25,G25,H25,J25,K25,M25,N25,Q25,U25,V25,X25,Z25,F26,,,
2024-11-26,23,54.880,45.110,46.370,49.800,53.620,56.270,58.620,59.360,61.170,61.480,62.290,61.410,64.810,,,,F25,G25,H25,J25,K25,M25,N25,Q25,U25,V25,X25,Z25,F26,,,
2024-11-27,22,54.690,44.910,46.140,49.560,53.350,55.980,58.630,59.050,60.880,61.230,62.110,61.100,64.670,,,,F25,G25,H25,J25,K25,M25,N25,Q25,U25,V25,X25,Z25,F26,,,
2024-11-28,21,54.800,45.060,46.290,49.730,53.660,56.200,58.880,59.330,61.080,61.280,,,,,,,F25,G25,H25,J25,K25,M25,N25,Q25,U25,V25,,,,,,
2024-11-29,20,54.070,44.380,45.650,49.080,52.890,55.560,58.120,58.510,60.350,60.780,61.940,60.700,64.850,65.520,,,F25,G25,H25,J25,K25,M25,N25,Q25,U25,V25,X25,Z25,F26,G26,,
2024-12-02,17,54.090,44.410,45.690,49.110,52.940,55.590,58.200,58.620,60.500,60.790,62.040,60.760,64.250,,,,F25,G25,H25,J25,K25,M25,N25,Q25,U25,V25,X25,Z25,F26,,,
2024-12-03,16,55.890,46.080,47.270,50.660,54.460,57.040,59.580,60.060,61.790,62.430,63.370,62.070,,,,,F25,G25,H25,J25,K25,M25,N25,Q25,U25,V25,X25,Z25,,,,
2024-12-04,15,54.650,44.850,46.120,49.550,53.290,55.910,58.510,58.960,60.750,61.170,62.350,60.970,64.500,66.080,,,F25,G25,H25,J25,K25,M25,N25,Q25,U25,V25,X25,Z25,F26,G26,,
2024-12-05,14,54.370,44.600,45.860,49.270,53.040,55.710,58.300,58.810,60.530,60.890,62.020,60.810,64.500,64.880,57.980,54.210,F25,G25,H25,J25,K25,M25,N25,Q25,U25,V25,X25,Z25,F26,G26,H26,J26
2024-12-06,13,53.090,43.440,44.780,48.280,52.140,54.840,57.480,58.030,59.870,60.340,61.530,60.200,63.520,,,,F25,G25,H25,J25,K25,M25,N25,Q25,U25,V25,X25,Z25,F26,,,
2024-12-09,10,54.080,44.350,45.670,49.140,53.000,55.680,58.350,58.800,60.710,61.150,62.500,60.940,64.850,,,,F25,G25,H25,J25,K25,M25,N25,Q25,U25,V25,X25,Z25,F26,,,
2024-12-10,9,54.390,44.660,45.930,49.390,53.250,55.930,58.540,59.050,60.790,61.230,62.420,61.130,64.890,,,,F25,G25,H25,J25,K25,M25,N25,Q25,U25,V25,X25,Z25,F26,,,
2024-12-11,8,56.300,46.440,47.580,50.920,54.670,57.260,59.720,60.180,61.930,62.370,63.530,62.090,66.200,65.840,59.160,,F25,G25,H25,J25,K25,M25,N25,Q25,U25,V25,X25,Z25,F26,G26,H26,
2024-12-12,7,55.930,46.130,47.330,50.710,54.540,57.170,59.770,60.220,62.020,62.370,63.520,62.130,,,,,F25,G25,H25,J25,K25,M25,N25,Q25,U25,V25,X25,Z25,,,,
2024-12-13,6,57.010,47.150,48.240,51.560,55.270,57.850,60.410,60.790,62.540,62.890,64.110,62.640,66.160,,,,F25,G25,H25,J25,K25,M25,N25,Q25,U25,V25,X25,Z25,F26,,,
2024-12-16,3,56.570,46.730,47.890,51.210,54.940,57.530,60.090,60.520,62.260,62.810,63.780,62.370,,,,,F25,G25,H25,J25,K25,M25,N25,Q25,U25,V25,X25,Z25,,,,
2024-12-17,2,56.180,46.320,47.410,50.750,54.450,57.050,59.580,59.990,61.730,61.990,63.180,61.820,64.950,,,,F25,G25,H25,J25,K25,M25,N25,Q25,U25,V25,X25,Z25,F26,,,
2024-12-18,1,55.920,45.950,47.010,50.300,54.000,56.560,59.120,59.610,61.280,61.830,62.710,61.360,65.440,65.750,58.840,55.620,F25,G25,H25,J25,K25,M25,N25,Q25,U25,V25,X25,Z25,F26,G26,H26,J26
2024-12-19,0,55.770,45.730,46.800,50.090,53.790,56.330,58.860,59.220,60.960,61.340,62.370,60.980,64.240,,,,F25,G25,H25,J25,K25,M25,N25,Q25,U25,V25,X25,Z25,F26,,,
2024-12-20,32,56.120,46.050,47.080,50.330,54.040,56.570,59.060,59.390,61.120,61.530,62.610,61.480,64.240,64.870,,,G25,H25,J25,K25,M25,N25,Q25,U25,V25,X25,Z25,F26,G26,H26,,
2024-12-23,29,56.090,46.090,47.140,50.410,54.130,56.660,59.210,59.560,61.250,61.490,62.740,61.660,64.090,,,,G25,H25,J25,K25,M25,N25,Q25,U25,V25,X25,Z25,F26,G26,,,
2024-12-24,28,56.710,46.640,47.660,50.910,54.620,57.170,59.700,60.010,61.690,62.070,63.120,62.070,64.820,65.450,,,G25,H25,J25,K25,M25,N25,Q25,U25,V25,X25,Z25,F26,G26,H26,,
2024-12-26,26,56.180,46.210,47.270,50.540,54.230,56.760,59.320,59.570,61.340,61.790,62.780,61.720,64.680,65.280,58.970,55.620,G25,H25,J25,K25,M25,N25,Q25,U25,V25,X25,Z25,F26,G26,H26,J26,K26
2024-12-27,25,56.800,46.800,47.820,51.050,54.720,57.210,59.680,60.010,61.660,62.030,63.060,62.170,,,,,G25,H25,J25,K25,M25,N25,Q25,U25,V25,X25,Z25,F26,,,,
2024-12-30,22,57.670,47.600,48.630,51.830,55.470,57.950,60.460,60.750,62.360,62.850,63.810,62.620,65.360,66.020,,,G25,H25,J25,K25,M25,N25,Q25,U25,V25,X25,Z25,F26,G26,H26,,
2024-12-31,21,58.410,48.340,49.330,52.540,56.180,58.640,61.110,61.320,62.940,63.360,64.390,63.190,,,,,G25,H25,J25,K25,M25,N25,Q25,U25,V25,X25,Z25,F26,,,,
2025-01-02,19,59.660,49.410,50.300,53.460,57.030,59.430,61.850,62.080,63.680,64.130,64.970,63.830,66.770,,,,G25,H25,J25,K25,M25,N25,Q25,U25,V25,X25,Z25,F26,G26,,,
2025-01-03,18,60.610,50.240,51.070,54.170,57.710,60.070,62.500,62.690,64.240,64.600,65.530,64.290,67.020,,,,G25,H25,J25,K25,M25,N25,Q25,U25,V25,X25,Z25,F26,G26,,,
2025-01-06,15,59.970,49.730,50.620,53.780,57.380,59.770,62.210,62.470,64.070,64.400,65.330,64.220,,,,,G25,H25,J25,K25,M25,N25,Q25,U25,V25,X25,Z25,F26,,,,
2025-01-07,14,60.960,50.660,51.450,54.540,58.080,60.470,62.880,63.080,64.590,64.980,65.820,64.680,67.350,,,,G25,H25,J25,K25,M25,N25,Q25,U25,V25,X25,Z25,F26,G26,,,
2025-01-08,13,59.860,49.610,50.480,53.630,57.230,59.680,62.070,62.330,63.910,64.250,65.120,63.980,66.790,67.360,,,G25,H25,J25,K25,M25,N25,Q25,U25,V25,X25,Z25,F26,G26,H26,,
2025-01-09,12,60.830,50.510,51.330,54.450,57.990,60.380,62.770,62.960,64.400,64.690,65.670,64.390,66.590,67.640,,,G25,H25,J25,K25,M25,N25,Q25,U25,V25,X25,Z25,F26,G26,H26,,
2025-01-10,11,63.110,52.640,53.220,56.090,59.410,61.620,63.850,64.010,65.440,65.540,66.310,65.080,67.750,68.370,61.630,,G25,H25,J25,K25,M25,N25,Q25,U25,V25,X25,Z25,F26,G26,H26,J26,
2025-01-13,8,65.320,54.150,54.050,56.450,59.500,61.460,63.560,63.510,64.820,65.050,65.840,64.580,67.310,68.020,,,G25,H25,J25,K25,M25,N25,Q25,U25,V25,X25,Z25,F26,G26,H26,,
2025-01-14,7,64.630,53.830,54.030,56.600,59.760,61.780,63.930,63.970,65.390,65.500,66.370,65.180,67.560,68.110,,,G25,H25,J25,K25,M25,N25,Q25,U25,V25,X25,Z25,F26,G26,H26,,
2025-01-15,6,67.050,56.100,55.990,58.260,61.170,63.070,65.030,64.950,66.170,66.390,67.110,65.830,68.340,68.790,61.700,,G25,H25,J25,K25,M25,N25,Q25,U25,V25,X25,Z25,F26,G26,H26,J26,
2025-01-16,5,65.310,54.850,54.860,57.190,60.130,62.080,64.120,64.020,65.390,65.410,66.240,64.970,67.650,68.160,,,G25,H25,J25,K25,M25,N25,Q25,U25,V25,X25,Z25,F26,G26,H26,,
2025-01-17,4,64.580,54.310,54.480,56.890,59.870,61.820,63.950,63.930,65.220,65.390,66.030,64.820,67.420,,,,G25,H25,J25,K25,M25,N25,Q25,U25,V25,X25,Z25,F26,G26,,,
2025-01-20,1,63.430,53.310,53.720,56.390,59.500,61.520,63.670,63.660,65.040,65.200,66.010,64.780,67.520,67.770,,,G25,H25,J25,K25,M25,N25,Q25,U25,V25,X25,Z25,F26,G26,H26,,
2025-01-21,0,62.630,52.830,53.420,56.180,59.330,61.480,63.620,63.670,65.060,65.270,66.030,64.540,67.380,,,,G25,H25,J25,K25,M25,N25,Q25,U25,V25,X25,Z25,F26,G26,,,
2025-01-22,29,62.150,52.400,53.050,55.930,59.060,61.290,63.450,63.600,65.010,65.190,66.280,,,,,,H25,J25,K25,M25,N25,Q25,U25,V25,X25,Z25,F26,,,,,
2025-01-23,28,61.020,51.440,52.270,55.290,58.580,60.860,63.080,63.210,64.590,64.940,66.010,65.030,,,,,H25,J25,K25,M25,N25,Q25,U25,V25,X25,Z25,F26,G26,,,,
2025-01-24,27,61.340,51.630,52.330,55.260,58.430,60.680,62.840,62.980,64.400,64.690,65.700,,,,,,H25,J25,K25,M25,N25,Q25,U25,V25,X25,Z25,F26,,,,,
2025-01-27,24,59.840,50.170,50.940,53.940,57.210,59.530,61.760,61.910,63.300,63.690,64.740,62.890,67.380,,,,H25,J25,K25,M25,N25,Q25,U25,V25,X25,Z25,F26,G26,H26,,,
2025-01-28,23,60.700,50.820,51.360,54.170,57.300,59.550,61.690,61.720,63.230,63.530,64.560,62.970,67.430,,,,H25,J25,K25,M25,N25,Q25,U25,V25,X25,Z25,F26,G26,H26,,,
2025-01-29,22,59.750,50.060,50.760,53.670,56.880,59.160,61.350,61.400,62.740,63.200,64.110,62.490,67.360,,,,H25,J25,K25,M25,N25,Q25,U25,V25,X25,Z25,F26,G26,H26,,,
2025-01-30,21,59.990,50.400,51.120,54.030,57.240,59.510,61.670,61.790,63.200,63.520,64.540,62.860,67.120,,,,H25,J25,K25,M25,N25,Q25,U25,V25,X25,Z25,F26,G26,H26,,,
2025-01-31,20,60.550,50.820,51.480,54.340,57.440,59.640,61.780,61.870,63.260,63.530,64.590,62.510,67.170,,,,H25,J25,K25,M25,N25,Q25,U25,V25,X25,Z25,F26,G26,H26,,,
2025-02-03,17,59.070,49.540,50.380,53.370,56.620,58.870,61.110,61.330,62.740,62.950,64.090,62.440,67.170,,,,H25,J25,K25,M25,N25,Q25,U25,V25,X25,Z25,F26,G26,H26,,,
2025-02-04,16,59.490,50.040,50.940,53.960,57.210,59.470,61.660,61.790,63.240,63.500,64.620,62.980,67.480,,,,H25,J25,K25,M25,N25,Q25,U25,V25,X25,Z25,F26,G26,H26,,,
2025-02-05,15,57.880,48.570,49.540,52.630,55.940,58.280,60.540,60.800,62.240,62.540,63.620,62.020,,,,,H25,J25,K25,M25,N25,Q25,U25,V25,X25,Z25,F26,G26,,,,
2025-02-06,14,57.260,48.040,49.130,52.360,55.790,58.220,60.490,60.750,62.260,62.600,63.740,62.190,,,,,H25,J25,K25,M25,N25,Q25,U25,V25,X25,Z25,F26,G26,,,,
2025-02-07,13,57.800,48.580,49.660,52.870,56.260,58.660,60.980,61.150,62.640,63.080,64.090,62.520,66.770,,,,H25,J25,K25,M25,N25,Q25,U25,V25,X25,Z25,F26,G26,H26,,,
2025-02-10,10,59.210,49.900,50.920,54.100,57.470,59.820,62.050,62.200,63.600,63.950,64.960,63.320,67.750,,,,H25,J25,K25,M25,N25,Q25,U25,V25,X25,Z25,F26,G26,H26,,,
2025-02-11,9,59.930,50.720,51.780,54.980,58.350,60.720,62.970,63.100,64.510,64.850,65.880,64.360,68.390,66.750,,,H25,J25,K25,M25,N25,Q25,U25,V25,X25,Z25,F26,G26,H26,J26,,
2025-02-12,8,57.950,48.810,49.970,53.240,56.720,59.110,61.400,61.780,63.340,63.470,64.660,63.040,67.580,,,,H25,J25,K25,M25,N25,Q25,U25,V25,X25,Z25,F26,G26,H26,,,
2025-02-13,7,58.250,49.110,50.220,53.460,56.900,59.320,61.630,61.710,63.220,63.610,64.580,63.010,67.370,,,,H25,J25,K25,M25,N25,Q25,U25,V25,X25,Z25,F26,G26,H26,,,
2025-02-14,6,57.310,48.310,49.520,52.840,56.320,58.780,61.080,61.540,63.040,63.190,64.550,62.900,67.520,66.110,,,H25,J25,K25,M25,N25,Q25,U25,V25,X25,Z25,F26,G26,H26,J26,,
2025-02-17,3,58.130,49.120,50.300,53.600,57.080,59.500,61.790,61.790,63.300,63.890,64.750,,,,,,H25,J25,K25,M25,N25,Q25,U25,V25,X25,Z25,F26,,,,,
2025-02-18,2,58.570,49.530,50.690,53.950,57.390,59.790,62.040,62.240,63.710,64.040,65.080,63.480,67.910,66.650,,,H25,J25,K25,M25,N25,Q25,U25,V25,X25,Z25,F26,G26,H26,J26,,
2025-02-19,1,58.920,49.880,51.020,54.260,57.660,60.020,62.300,62.510,63.990,64.270,65.360,63.610,68.190,,,,H25,J25,K25,M25,N25,Q25,U25,V25,X25,Z25,F26,G26,H26,,,
2025-02-20,0,59.270,50.330,51.510,54.760,58.160,60.550,62.770,62.870,64.330,64.760,65.760,64.310,,,,,H25,J25,K25,M25,N25,Q25,U25,V25,X25,Z25,F26,G26,,,,
2025-02-21,27,56.940,48.010,49.250,52.570,56.040,58.480,60.860,60.960,62.410,62.970,63.860,64.310,,,,,J25,K25,M25,N25,Q25,U25,V25,X25,Z25,F26,G26,H26,,,,
2025-02-24,24,57.600,48.590,49.750,53.020,56.430,58.860,61.080,61.300,62.740,63.120,64.050,64.530,,,,,J25,K25,M25,N25,Q25,U25,V25,X25,Z25,F26,G26,H26,,,,
2025-02-25,23,55.810,46.800,48.020,51.340,54.730,57.210,59.610,59.660,61.200,61.780,62.700,63.150,65.350,,,,J25,K25,M25,N25,Q25,U25,V25,X25,Z25,F26,G26,H26,J26,,,
2025-02-26,22,55.510,46.470,47.610,50.890,54.290,56.740,59.140,59.240,60.710,61.240,61.960,62.590,,,,,J25,K25,M25,N25,Q25,U25,V25,X25,Z25,F26,G26,H26,,,,
2025-02-27,21,56.820,47.700,48.760,51.950,55.260,57.650,59.950,60.050,61.430,62.140,62.990,63.300,,,,,J25,K25,M25,N25,Q25,U25,V25,X25,Z25,F26,G26,H26,,,,
2025-02-28,20,56.640,47.500,48.570,51.750,55.070,57.430,59.730,59.870,61.190,61.610,62.380,62.930,,,,,J25,K25,M25,N25,Q25,U25,V25,X25,Z25,F26,G26,H26,,,,
2025-03-03,17,55.160,46.000,47.070,50.290,53.710,56.180,58.510,58.690,60.110,60.680,61.440,61.980,,,,,J25,K25,M25,N25,Q25,U25,V25,X25,Z25,F26,G26,H26,,,,
2025-03-04,16,54.730,45.570,46.710,49.970,53.410,55.910,58.300,58.500,60.020,60.330,61.460,61.840,,,,,J25,K25,M25,N25,Q25,U25,V25,X25,Z25,F26,G26,H26,,,,
2025-03-05,15,53.080,43.910,45.020,48.300,51.770,54.430,56.780,57.030,58.520,59.160,60.000,60.710,62.990,63.520,56.630,54.060,J25,K25,M25,N25,Q25,U25,V25,X25,Z25,F26,G26,H26,J26,K26,M26,N26
2025-03-06,14,52.960,43.890,44.980,48.240,51.690,54.210,56.640,56.850,58.330,58.950,60.030,60.410,62.860,63.450,56.380,,J25,K25,M25,N25,Q25,U25,V25,X25,Z25,F26,G26,H26,J26,K26,M26,
2025-03-07,13,53.740,44.700,45.830,49.100,52.510,55.040,57.430,57.620,59.110,59.690,60.670,61.190,63.470,64.000,57.090,,J25,K25,M25,N25,Q25,U25,V25,X25,Z25,F26,G26,H26,J26,K26,M26,
2025-03-10,10,52.610,43.550,44.620,47.850,51.260,53.770,56.160,56.400,57.880,58.530,59.500,60.020,63.060,,,,J25,K25,M25,N25,Q25,U25,V25,X25,Z25,F26,G26,H26,J26,,,
2025-03-11,9,53.310,44.210,45.320,48.520,51.950,54.420,56.790,56.900,58.440,59.120,59.880,60.440,,,,,J25,K25,M25,N25,Q25,U25,V25,X25,Z25,F26,G26,H26,,,,
2025-03-12,8,54.380,45.330,46.430,49.640,53.040,55.490,57.840,57.990,59.430,60.030,60.940,61.430,63.800,,,,J25,K25,M25,N25,Q25,U25,V25,X25,Z25,F26,G26,H26,J26,,,
2025-03-13,7,53.450,44.420,45.560,48.770,52.200,54.660,56.960,57.150,58.650,59.160,60.240,60.610,,,,,J25,K25,M25,N25,Q25,U25,V25,X25,Z25,F26,G26,H26,,,,
2025-03-14,6,53.880,44.880,45.990,49.190,52.560,55.020,57.420,57.520,59.070,59.600,60.620,61.090,,,,,J25,K25,M25,N25,Q25,U25,V25,X25,Z25,F26,G26,H26,,,,
2025-03-17,3,54.170,45.220,46.380,49.660,53.050,55.520,57.900,58.130,59.510,60.190,61.120,61.600,63.970,,,,J25,K25,M25,N25,Q25,U25,V25,X25,Z25,F26,G26,H26,J26,,,
2025-03-18,2,53.390,44.530,45.760,49.060,52.500,54.990,57.390,57.640,59.030,59.850,60.790,61.310,,,,,J25,K25,M25,N25,Q25,U25,V25,X25,Z25,F26,G26,H26,,,,
2025-03-19,1,53.880,45.000,46.220,49.480,52.910,55.390,57.750,57.910,59.430,60.020,60.960,61.460,63.740,,,,J25,K25,M25,N25,Q25,U25,V25,X25,Z25,F26,G26,H26,J26,,,
2025-03-20,0,54.990,46.320,47.440,50.650,54.030,56.460,58.750,58.900,60.390,60.870,61.690,62.250,,,,,J25,K25,M25,N25,Q25,U25,V25,X25,Z25,F26,G26,H26,,,,
2025-03-21,32,54.910,46.270,47.410,50.610,53.930,56.410,58.660,58.720,60.320,60.780,61.460,62.250,,,,,K25,M25,N25,Q25,U25,V25,X25,Z25,F26,G26,H26,J26,,,,
2025-03-24,29,55.780,47.020,48.120,51.290,54.610,57.040,59.310,59.310,60.870,61.470,62.140,62.580,63.740,64.290,,,K25,M25,N25,Q25,U25,V25,X25,Z25,F26,G26,H26,J26,K26,M26,,
2025-03-25,28,55.820,47.090,48.200,51.340,54.680,57.090,59.390,59.390,60.910,61.410,62.170,62.970,63.980,64.380,,,K25,M25,N25,Q25,U25,V25,X25,Z25,F26,G26,H26,J26,K26,M26,,
2025-03-26,27,56.560,47.830,48.900,52.040,55.330,57.750,59.960,60.000,61.480,61.810,62.740,63.120,64.190,64.930,,,K25,M25,N25,Q25,U25,V25,X25,Z25,F26,G26,H26,J26,K26,M26,,
2025-03-27,26,56.530,47.820,48.890,52.060,55.370,57.790,60.020,60.050,61.490,62.150,62.780,63.340,64.530,65.010,,,K25,M25,N25,Q25,U25,V25,X25,Z25,F26,G26,H26,J26,K26,M26,,
2025-03-28,25,55.660,46.930,47.930,51.070,54.370,56.820,59.060,59.030,60.730,61.180,62.010,62.650,,,,,K25,M25,N25,Q25,U25,V25,X25,Z25,F26,G26,H26,J26,,,,
2025-03-31,22,58.020,49.200,50.150,53.160,56.340,58.650,60.740,60.700,62.270,62.720,63.290,63.920,64.980,65.300,,,K25,M25,N25,Q25,U25,V25,X25,Z25,F26,G26,H26,J26,K26,M26,,
2025-04-01,21,57.760,49.020,50.000,53.070,56.290,58.680,60.830,60.780,62.260,62.770,63.320,63.990,65.110,65.460,,,K25,M25,N25,Q25,U25,V25,X25,Z25,F26,G26,H26,J26,K26,M26,,
2025-04-02,20,57.350,48.550,49.450,52.490,55.700,58.200,60.450,60.220,61.860,62.360,62.890,63.560,,,,,K25,M25,N25,Q25,U25,V25,X25,Z25,F26,G26,H26,J26,,,,
2025-04-03,19,53.250,44.470,45.470,48.610,51.930,54.390,56.650,56.750,58.480,58.930,59.970,60.710,61.860,62.030,,,K25,M25,N25,Q25,U25,V25,X25,Z25,F26,G26,H26,J26,K26,M26,,
2025-04-04,18,48.940,40.330,41.510,44.780,48.270,51.000,53.350,53.560,55.420,56.120,56.920,57.240,,,,,K25,M25,N25,Q25,U25,V25,X25,Z25,F26,G26,H26,J26,,,,
2025-04-07,15,47.580,39.010,40.280,43.660,47.250,50.130,52.600,52.910,54.760,55.510,56.500,57.330,58.560,59.030,,,K25,M25,N25,Q25,U25,V25,X25,Z25,F26,G26,H26,J26,K26,M26,,
2025-04-08,14,44.850,36.120,37.290,40.660,44.340,47.140,50.010,50.240,52.200,53.050,54.000,55.000,55.980,56.750,56.680,53.400,K25,M25,N25,Q25,U25,V25,X25,Z25,F26,G26,H26,J26,K26,M26,N26,Q26
2025-04-09,13,49.330,40.450,41.470,44.670,48.170,50.720,53.200,53.370,55.100,55.850,56.580,57.140,58.880,59.460,58.590,55.590,K25,M25,N25,Q25,U25,V25,X25,Z25,F26,G26,H26,J26,K26,M26,N26,Q26
2025-04-10,12,46.850,38.120,39.250,42.500,45.950,48.660,51.190,51.630,53.440,54.230,55.330,56.050,57.170,58.080,57.130,,K25,M25,N25,Q25,U25,V25,X25,Z25,F26,G26,H26,J26,K26,M26,N26,
2025-04-11,11,48.100,39.230,40.250,43.430,46.860,49.490,51.940,52.270,54.080,54.830,55.750,56.660,57.820,58.510,57.040,53.850,K25,M25,N25,Q25,U25,V25,X25,Z25,F26,G26,H26,J26,K26,M26,N26,Q26
2025-04-14,8,48.180,39.400,40.500,43.720,47.200,49.830,52.380,52.630,54.510,55.350,56.220,57.110,58.360,58.960,58.190,,K25,M25,N25,Q25,U25,V25,X25,Z25,F26,G26,H26,J26,K26,M26,N26,
2025-04-15,7,48.150,39.300,40.350,43.560,47.000,49.620,52.100,52.380,54.110,54.900,55.830,56.740,,,,,K25,M25,N25,Q25,U25,V25,X25,Z25,F26,G26,H26,J26,,,,
2025-04-16,6,49.220,40.270,41.240,44.370,47.830,50.300,52.720,52.950,54.780,55.530,56.420,57.240,58.380,59.130,,,K25,M25,N25,Q25,U25,V25,X25,Z25,F26,G26,H26,J26,K26,M26,,
2025-04-17,5,51.070,42.080,42.980,46.070,49.410,51.950,54.240,54.540,56.220,56.920,57.790,58.630,58.860,60.530,,,K25,M25,N25,Q25,U25,V25,X25,Z25,F26,G26,H26,J26,K26,M26,,
2025-04-21,1,50.000,41.020,41.850,44.910,48.220,50.800,53.150,53.410,55.170,55.890,56.840,57.630,58.600,59.530,,,K25,M25,N25,Q25,U25,V25,X25,Z25,F26,G26,H26,J26,K26,M26,,
2025-04-22,0,50.820,41.870,42.700,45.700,49.010,51.520,53.890,54.150,55.850,56.710,57.370,58.450,59.860,60.130,,,K25,M25,N25,Q25,U25,V25,X25,Z25,F26,G26,H26,J26,K26,M26,,
2025-04-23,27,49.560,40.650,41.560,44.630,48.020,50.590,52.950,53.320,54.960,56.060,56.390,57.650,59.310,60.130,,,M25,N25,Q25,U25,V25,X25,Z25,F26,G26,H26,J26,K26,M26,N26,,
2025-04-24,26,50.050,41.180,42.130,45.210,48.580,51.150,53.530,53.750,55.510,56.490,57.080,,,,,,M25,N25,Q25,U25,V25,X25,Z25,F26,G26,H26,J26,,,,,
2025-04-25,25,50.450,41.520,42.410,45.480,48.870,51.460,53.870,54.200,55.890,56.910,57.400,58.260,60.170,,,,M25,N25,Q25,U25,V25,X25,Z25,F26,G26,H26,J26,K26,M26,,,
2025-04-28,22,49.170,40.270,41.220,44.370,47.820,50.480,52.910,53.310,55.060,56.110,56.560,57.450,59.420,,,,M25,N25,Q25,U25,V25,X25,Z25,F26,G26,H26,J26,K26,M26,,,
2025-04-29,21,47.420,38.620,39.690,42.920,46.470,49.200,51.670,52.130,53.980,55.160,55.670,56.690,58.420,59.550,,,M25,N25,Q25,U25,V25,X25,Z25,F26,G26,H26,J26,K26,M26,N26,,
2025-04-30,20,45.500,36.700,37.810,41.030,44.560,47.290,49.780,50.270,51.910,53.170,53.600,54.690,56.650,,,,M25,N25,Q25,U25,V25,X25,Z25,F26,G26,H26,J26,K26,M26,,,
2025-05-01,19,46.260,37.500,38.540,41.740,45.240,47.930,50.390,50.910,52.610,53.810,54.320,55.040,57.240,58.290,54.320,51.570,M25,N25,Q25,U25,V25,X25,Z25,F26,G26,H26,J26,K26,M26,N26,Q26,U26
2025-05-02,18,45.660,37.000,38.150,41.400,44.980,47.800,50.230,50.930,52.680,53.870,54.160,55.430,57.250,,,,M25,N25,Q25,U25,V25,X25,Z25,F26,G26,H26,J26,K26,M26,,,
2025-05-05,15,44.510,35.920,37.130,40.450,44.070,46.880,49.510,50.020,51.740,53.110,53.540,54.620,56.680,,,,M25,N25,Q25,U25,V25,X25,Z25,F26,G26,H26,J26,K26,M26,,,
2025-05-06,14,46.280,37.610,38.750,41.990,45.530,48.330,50.920,51.410,53.330,54.520,55.050,56.210,57.980,,,,M25,N25,Q25,U25,V25,X25,Z25,F26,G26,H26,J26,K26,M26,,,
2025-05-07,13,45.230,36.640,37.780,41.030,44.590,47.360,49.950,50.490,52.340,53.610,54.170,55.220,57.130,,,,M25,N25,Q25,U25,V25,X25,Z25,F26,G26,H26,J26,K26,M26,,,
2025-05-08,12,47.560,38.900,39.970,43.130,46.630,49.280,51.780,52.230,53.760,54.950,55.460,56.490,58.690,59.270,,,M25,N25,Q25,U25,V25,X25,Z25,F26,G26,H26,J26,K26,M26,N26,,
2025-05-09,11,48.340,39.640,40.630,43.710,47.110,49.760,52.210,52.650,54.320,55.470,56.050,56.800,58.980,,,,M25,N25,Q25,U25,V25,X25,Z25,F26,G26,H26,J26,K26,M26,,,
2025-05-12,8,49.240,40.590,41.600,44.710,48.110,50.820,53.170,53.460,55.440,56.610,56.950,58.100,59.920,,,,M25,N25,Q25,U25,V25,X25,Z25,F26,G26,H26,J26,K26,M26,,,
2025-05-13,7,50.910,42.260,43.220,46.270,49.610,52.140,54.530,54.900,56.540,57.700,58.290,59.190,61.000,61.860,,,M25,N25,Q25,U25,V25,X25,Z25,F26,G26,H26,J26,K26,M26,N26,,
2025-05-14,6,50.170,41.490,42.450,45.480,48.800,51.430,53.850,54.450,55.920,57.080,57.570,58.620,60.400,61.410,58.910,54.260,M25,N25,Q25,U25,V25,X25,Z25,F26,G26,H26,J26,K26,M26,N26,Q26,U26
2025-05-15,5,48.970,40.290,41.280,44.360,47.730,50.380,52.850,53.380,55.090,56.260,56.810,57.790,59.630,,,,M25,N25,Q25,U25,V25,X25,Z25,F26,G26,H26,J26,K26,M26,,,
2025-05-16,4,49.770,40.990,41.920,44.910,48.220,50.770,53.220,53.540,55.240,56.420,57.030,58.050,59.770,60.750,,,M25,N25,Q25,U25,V25,X25,Z25,F26,G26,H26,J26,K26,M26,N26,,
2025-05-19,1,49.990,41.210,42.070,45.000,48.270,50.800,53.210,53.460,55.260,56.340,56.870,57.780,59.710,60.440,57.540,53.720,M25,N25,Q25,U25,V25,X25,Z25,F26,G26,H26,J26,K26,M26,N26,Q26,U26
2025-05-20,0,49.900,41.310,42.160,45.120,48.410,50.970,53.410,53.820,55.430,56.680,57.050,58.060,59.980,,,,M25,N25,Q25,U25,V25,X25,Z25,F26,G26,H26,J26,K26,M26,,,
2025-05-21,30,48.990,40.500,41.430,44.450,47.780,50.370,52.880,53.470,55.060,56.480,56.740,57.530,59.980,60.440,,,N25,Q25,U25,V25,X25,Z25,F26,G26,H26,J26,K26,M26,N26,Q26,,
2025-05-22,29,48.460,39.960,40.870,43.860,47.180,49.800,52.260,52.860,54.390,56.020,56.300,57.080,,,,,N25,Q25,U25,V25,X25,Z25,F26,G26,H26,J26,K26,M26,,,,
2025-05-23,28,49.410,40.850,41.730,44.700,47.990,50.550,52.970,53.480,55.100,56.320,56.800,57.730,59.610,60.290,56.960,,N25,Q25,U25,V25,X25,Z25,F26,G26,H26,J26,K26,M26,N26,Q26,U26,
2025-05-26,25,49.180,40.610,41.450,44.440,47.660,50.250,52.710,53.330,54.960,56.320,,,,,,,N25,Q25,U25,V25,X25,Z25,F26,G26,H26,J26,,,,,,
2025-05-27,24,48.720,40.220,41.120,44.120,47.430,50.010,52.510,53.040,54.680,55.890,56.200,57.300,,,,,N25,Q25,U25,V25,X25,Z25,F26,G26,H26,J26,K26,M26,,,,
2025-05-28,23,49.510,40.900,41.720,44.630,47.890,50.410,52.880,53.260,54.850,56.050,56.680,57.570,59.570,,,,N25,Q25,U25,V25,X25,Z25,F26,G26,H26,J26,K26,M26,N26,,,
2025-05-29,22,48.570,39.900,40.660,43.550,46.810,49.360,51.820,52.280,53.830,55.240,55.570,56.510,58.670,,,,N25,Q25,U25,V25,X25,Z25,F26,G26,H26,J26,K26,M26,N26,,,
2025-05-30,21,48.440,39.490,40.130,43.020,46.250,48.860,51.320,52.020,53.500,54.900,55.150,56.260,58.250,58.910,55.710,52.750,N25,Q25,U25,V25,X25,Z25,F26,G26,H26,J26,K26,M26,N26,Q26,U26,V26
2025-06-02,18,50.690,41.730,42.300,45.090,48.260,50.700,53.130,53.730,55.260,56.400,56.970,57.780,59.350,60.190,56.510,,N25,Q25,U25,V25,X25,Z25,F26,G26,H26,J26,K26,M26,N26,Q26,U26,
2025-06-03,17,50.990,42.160,42.850,45.660,48.860,51.310,53.720,54.230,55.710,57.070,57.510,58.290,60.330,,,,N25,Q25,U25,V25,X25,Z25,F26,G26,H26,J26,K26,M26,N26,,,
2025-06-04,16,50.390,41.520,42.190,45.010,48.200,50.680,53.110,53.590,55.130,56.350,56.840,57.700,59.790,60.410,56.960,,N25,Q25,U25,V25,X25,Z25,F26,G26,H26,J26,K26,M26,N26,Q26,U26,
2025-06-05,15,50.900,42.060,42.690,45.470,48.650,51.080,53.470,53.930,55.430,56.850,57.150,58.020,60.120,,,,N25,Q25,U25,V25,X25,Z25,F26,G26,H26,J26,K26,M26,N26,,,
2025-06-06,14,52.420,43.560,44.070,46.730,49.810,52.130,54.470,54.810,56.380,57.650,57.850,58.870,60.770,,,,N25,Q25,U25,V25,X25,Z25,F26,G26,H26,J26,K26,M26,N26,,,
2025-06-09,11,53.030,43.990,44.430,47.060,50.070,52.410,54.720,55.070,56.590,57.800,58.010,59.060,61.090,,,,N25,Q25,U25,V25,X25,Z25,F26,G26,H26,J26,K26,M26,N26,,,
2025-06-10,10,52.390,43.360,43.790,46.460,49.520,51.920,54.290,54.810,56.150,57.560,57.980,58.670,60.600,61.320,58.310,55.120,N25,Q25,U25,V25,X25,Z25,F26,G26,H26,J26,K26,M26,N26,Q26,U26,V26
2025-06-11,9,55.950,46.730,46.960,49.360,52.260,54.490,56.560,56.870,58.360,59.170,59.440,60.600,62.120,63.070,59.310,56.690,N25,Q25,U25,V25,X25,Z25,F26,G26,H26,J26,K26,M26,N26,Q26,U26,V26
2025-06-12,8,56.510,47.170,47.280,49.670,52.570,54.780,57.010,57.000,58.630,59.640,59.910,60.840,,,,,N25,Q25,U25,V25,X25,Z25,F26,G26,H26,J26,K26,M26,,,,
2025-06-13,7,60.830,51.240,50.990,52.930,55.310,57.340,59.160,59.220,60.330,61.430,61.310,62.000,63.210,64.460,60.760,57.580,N25,Q25,U25,V25,X25,Z25,F26,G26,H26,J26,K26,M26,N26,Q26,U26,V26
2025-06-16,4,59.130,49.760,49.650,51.880,54.700,56.800,58.920,58.960,60.310,61.400,61.410,62.240,64.510,64.850,60.970,58.070,N25,Q25,U25,V25,X25,Z25,F26,G26,H26,J26,K26,M26,N26,Q26,U26,V26
2025-06-17,3,63.140,53.450,53.070,54.890,57.350,59.140,60.910,60.780,61.990,63.060,63.100,63.630,65.440,66.260,62.290,59.470,N25,Q25,U25,V25,X25,Z25,F26,G26,H26,J26,K26,M26,N26,Q26,U26,V26
2025-06-18,2,62.520,52.820,52.440,54.330,56.820,58.720,60.410,60.540,61.610,63.060,63.030,63.250,65.700,64.950,62.300,58.280,N25,Q25,U25,V25,X25,Z25,F26,G26,H26,J26,K26,M26,N26,Q26,U26,V26
2025-06-19,1,63.450,53.590,53.180,55.010,57.460,59.310,61.210,60.930,61.950,63.140,64.100,63.590,,,,,N25,Q25,U25,V25,X25,Z25,F26,G26,H26,J26,K26,M26,,,,
2025-06-20,0,62.650,53.750,53.390,55.230,57.570,59.390,61.230,61.310,62.470,63.450,63.550,64.220,66.000,66.060,62.790,,N25,Q25,U25,V25,X25,Z25,F26,G26,H26,J26,K26,M26,N26,Q26,U26,
2025-06-23,29,55.840,47.550,47.950,50.390,53.160,55.390,57.490,57.780,59.770,60.260,60.510,61.360,64.000,62.950,62.790,59.750,Q25,U25,V25,X25,Z25,F26,G26,H26,J26,K26,M26,N26,Q26,U26,V26,X26
2025-06-24,28,53.620,45.250,45.520,47.930,50.780,53.120,55.370,55.730,57.220,58.250,58.760,59.340,61.690,61.610,61.930,58.480,Q25,U25,V25,X25,Z25,F26,G26,H26,J26,K26,M26,N26,Q26,U26,V26,X26
2025-06-25,27,53.550,44.960,45.010,47.310,50.050,52.310,54.420,54.910,56.540,57.700,57.740,58.890,61.370,61.030,,,Q25,U25,V25,X25,Z25,F26,G26,H26,J26,K26,M26,N26,Q26,U26,,
2025-06-26,26,53.830,45.300,45.400,47.730,50.470,52.780,55.150,55.470,56.870,58.020,58.200,59.190,61.380,,,,Q25,U25,V25,X25,Z25,F26,G26,H26,J26,K26,M26,N26,Q26,,,
2025-06-27,25,53.680,45.160,45.200,47.520,50.240,52.480,54.610,54.930,56.350,57.560,57.840,58.840,61.270,,,,Q25,U25,V25,X25,Z25,F26,G26,H26,J26,K26,M26,N26,Q26,,,
2025-06-30,22,53.580,45.180,45.290,47.610,50.340,52.600,54.730,55.210,56.630,57.730,57.940,58.920,61.280,,,,Q25,U25,V25,X25,Z25,F26,G26,H26,J26,K26,M26,N26,Q26,,,
2025-07-01,21,54.140,45.740,45.840,48.170,50.880,53.100,55.290,55.500,56.920,58.120,58.310,59.140,61.520,61.410,,,Q25,U25,V25,X25,Z25,F26,G26,H26,J26,K26,M26,N26,Q26,U26,,
2025-07-02,20,56.140,47.510,47.380,49.500,52.070,54.150,56.100,56.370,57.670,58.570,59.000,59.750,62.170,62.170,61.590,58.390,Q25,U25,V25,X25,Z25,F26,G26,H26,J26,K26,M26,N26,Q26,U26,V26,X26
2025-07-03,19,55.790,47.220,47.140,49.320,51.880,54.010,56.070,56.260,57.550,58.310,58.900,59.690,61.970,62.070,61.220,,Q25,U25,V25,X25,Z25,F26,G26,H26,J26,K26,M26,N26,Q26,U26,V26,
2025-07-04,18,55.110,46.640,46.630,48.810,51.500,53.550,55.680,55.930,57.520,58.310,58.630,,,,,,Q25,U25,V25,X25,Z25,F26,G26,H26,J26,K26,M26,,,,,
2025-07-07,15,56.530,47.950,47.870,49.990,52.500,54.630,56.600,56.840,58.280,59.350,59.490,60.330,62.550,62.190,62.010,59.320,Q25,U25,V25,X25,Z25,F26,G26,H26,J26,K26,M26,N26,Q26,U26,V26,X26
2025-07-08,14,56.790,48.350,48.300,50.450,53.010,55.100,57.120,57.340,58.800,59.840,59.990,60.940,63.270,63.190,62.650,,Q25,U25,V25,X25,Z25,F26,G26,H26,J26,K26,M26,N26,Q26,U26,V26,
2025-07-09,13,56.900,48.420,48.300,50.370,52.870,54.970,56.940,57.120,58.570,59.570,59.840,60.620,63.020,62.910,62.410,,Q25,U25,V25,X25,Z25,F26,G26,H26,J26,K26,M26,N26,Q26,U26,V26,
2025-07-10,12,55.480,47.080,47.100,49.290,51.900,54.050,56.110,56.410,57.740,58.850,59.110,60.000,62.190,62.180,,,Q25,U25,V25,X25,Z25,F26,G26,H26,J26,K26,M26,N26,Q26,U26,,
2025-07-11,11,57.360,48.840,48.730,50.880,53.460,55.520,57.510,57.720,59.040,59.940,60.390,60.960,63.300,63.290,,,Q25,U25,V25,X25,Z25,F26,G26,H26,J26,K26,M26,N26,Q26,U26,,
2025-07-14,8,55.440,47.140,47.300,49.620,52.340,54.590,56.660,56.980,58.530,59.560,59.620,60.600,63.140,63.150,,,Q25,U25,V25,X25,Z25,F26,G26,H26,J26,K26,M26,N26,Q26,U26,,
2025-07-15,7,55.360,47.050,47.200,49.530,52.290,54.460,56.480,56.750,58.160,59.170,59.510,60.300,62.530,62.290,61.950,,Q25,U25,V25,X25,Z25,F26,G26,H26,J26,K26,M26,N26,Q26,U26,V26,
2025-07-16,6,55.250,46.880,46.990,49.330,52.060,54.230,56.340,56.530,58.000,59.070,59.260,60.120,62.330,62.010,61.710,58.860,Q25,U25,V25,X25,Z25,F26,G26,H26,J26,K26,M26,N26,Q26,U26,V26,X26
2025-07-17,5,56.230,47.800,47.910,50.250,52.900,55.050,57.060,57.270,58.650,59.660,59.930,60.690,63.000,62.920,62.390,,Q25,U25,V25,X25,Z25,F26,G26,H26,J26,K26,M26,N26,Q26,U26,V26,
2025-07-18,4,55.910,47.520,47.700,50.060,52.770,54.940,56.970,57.230,58.640,59.680,59.840,60.740,63.000,62.880,,,Q25,U25,V25,X25,Z25,F26,G26,H26,J26,K26,M26,N26,Q26,U26,,
2025-07-21,1,55.680,47.270,47.530,49.950,52.710,54.920,56.950,57.210,58.560,59.650,59.820,60.650,62.980,62.990,,,Q25,U25,V25,X25,Z25,F26,G26,H26,J26,K26,M26,N26,Q26,U26,,
2025-07-22,0,54.970,46.940,47.260,49.680,52.430,54.630,56.650,57.020,58.300,59.380,59.660,60.480,62.660,62.580,62.000,,Q25,U25,V25,X25,Z25,F26,G26,H26,J26,K26,M26,N26,Q26,U26,V26,
2025-07-23,27,54.940,47.000,47.370,49.810,52.600,54.820,56.760,57.130,58.470,59.520,59.680,60.540,62.620,62.750,,,U25,V25,X25,Z25,F26,G26,H26,J26,K26,M26,N26,Q26,U26,V26,,
2025-07-24,26,55.680,47.630,47.880,50.240,52.960,55.100,57.100,57.520,58.770,59.840,60.150,60.970,63.200,,,,U25,V25,X25,Z25,F26,G26,H26,J26,K26,M26,N26,Q26,U26,,,
2025-07-25,25,54.590,46.610,46.910,49.300,52.040,54.290,56.210,56.840,58.110,59.060,59.450,60.370,62.520,,,,U25,V25,X25,Z25,F26,G26,H26,J26,K26,M26,N26,Q26,U26,,,
2025-07-28,22,56.500,48.530,48.810,51.140,53.840,56.000,57.880,58.210,59.550,60.570,60.710,61.340,63.860,63.660,,,U25,V25,X25,Z25,F26,G26,H26,J26,K26,M26,N26,Q26,U26,V26,,
2025-07-29,21,58.770,50.680,50.870,53.110,55.660,57.760,59.570,60.070,61.160,61.940,62.120,63.020,64.950,,,,U25,V25,X25,Z25,F26,G26,H26,J26,K26,M26,N26,Q26,U26,,,
2025-07-30,20,59.820,51.530,51.540,53.660,56.150,58.190,59.960,60.090,61.210,62.230,62.210,62.980,65.030,,,,U25,V25,X25,Z25,F26,G26,H26,J26,K26,M26,N26,Q26,U26,,,
2025-07-31,19,58.880,50.650,50.700,52.800,55.330,57.380,59.150,59.290,60.370,61.490,61.710,62.440,64.260,64.190,,,U25,V25,X25,Z25,F26,G26,H26,J26,K26,M26,N26,Q26,U26,V26,,
2025-08-01,18,56.780,48.440,48.390,50.480,52.990,55.040,56.810,57.170,58.350,59.330,59.630,60.440,62.860,62.680,,,U25,V25,X25,Z25,F26,G26,H26,J26,K26,M26,N26,Q26,U26,V26,,
2025-08-04,15,55.760,47.600,47.760,50.030,52.670,54.730,56.700,57.050,58.320,59.210,59.420,60.400,62.300,61.940,,,U25,V25,X25,Z25,F26,G26,H26,J26,K26,M26,N26,Q26,U26,V26,,
2025-08-05,14,54.690,46.570,46.810,49.130,51.830,54.070,55.960,56.340,57.650,58.630,58.820,59.760,61.940,,,,U25,V25,X25,Z25,F26,G26,H26,J26,K26,M26,N26,Q26,U26,,,
2025-08-06,13,53.790,45.670,45.980,48.310,51.020,53.310,55.260,55.690,56.970,57.940,58.150,58.770,62.220,61.940,60.370,57.290,U25,V25,X25,Z25,F26,G26,H26,J26,K26,M26,N26,Q26,U26,V26,X26,Z26
2025-08-07,12,53.340,45.330,45.700,48.160,50.950,53.250,55.240,55.660,57.000,57.970,58.250,59.110,,,,,U25,V25,X25,Z25,F26,G26,H26,J26,K26,M26,N26,Q26,,,,
2025-08-08,11,52.870,44.870,45.270,47.710,50.560,52.850,54.920,55.590,56.860,57.590,58.090,59.070,61.170,,,,U25,V25,X25,Z25,F26,G26,H26,J26,K26,M26,N26,Q26,U26,,,
2025-08-11,8,53.520,45.510,45.860,48.310,51.160,53.480,55.430,55.840,57.190,58.160,58.490,59.290,61.150,61.200,60.190,57.520,U25,V25,X25,Z25,F26,G26,H26,J26,K26,M26,N26,Q26,U26,V26,X26,Z26
2025-08-12,7,52.600,44.750,45.200,47.740,50.580,52.920,54.940,55.490,56.780,57.820,58.140,59.080,61.190,,,,U25,V25,X25,Z25,F26,G26,H26,J26,K26,M26,N26,Q26,U26,,,
2025-08-13,6,52.260,44.400,44.870,47.390,50.220,52.590,54.600,55.080,56.440,57.530,57.820,58.680,60.960,61.290,,,U25,V25,X25,Z25,F26,G26,H26,J26,K26,M26,N26,Q26,U26,V26,,
2025-08-14,5,53.450,45.380,45.690,48.120,50.890,53.160,55.190,55.750,57.040,58.040,58.320,59.360,61.480,61.460,60.430,57.560,U25,V25,X25,Z25,F26,G26,H26,J26,K26,M26,N26,Q26,U26,V26,X26,Z26
2025-08-15,4,52.660,44.650,45.020,47.490,50.330,52.630,54.690,55.200,56.400,57.610,57.960,58.700,60.860,61.340,60.480,57.250,U25,V25,X25,Z25,F26,G26,H26,J26,K26,M26,N26,Q26,U26,V26,X26,Z26
2025-08-18,1,52.800,44.940,45.340,47.830,50.640,52.950,54.980,55.500,56.860,57.890,58.240,59.170,61.390,61.480,,,U25,V25,X25,Z25,F26,G26,H26,J26,K26,M26,N26,Q26,U26,V26,,
2025-08-19,0,52.030,44.360,44.840,47.360,50.230,52.540,54.550,54.990,56.440,57.520,57.680,58.730,60.860,60.930,59.960,57.220,U25,V25,X25,Z25,F26,G26,H26,J26,K26,M26,N26,Q26,U26,V26,X26,Z26
2025-08-21,32,52.670,45.840,46.310,48.790,51.630,53.910,55.850,56.420,57.740,58.750,59.150,60.080,61.690,,,,V25,X25,Z25,F26,G26,H26,J26,K26,M26,N26,Q26,U26,V26,,,
2025-08-22,31,52.960,46.110,46.570,49.040,51.920,54.190,56.130,56.710,57.990,58.930,59.290,60.070,,,,,V25,X25,Z25,F26,G26,H26,J26,K26,M26,N26,Q26,U26,,,,
2025-08-25,28,53.930,47.050,47.450,49.880,52.650,54.900,56.820,57.370,58.630,59.560,59.940,60.810,62.490,,,,V25,X25,Z25,F26,G26,H26,J26,K26,M26,N26,Q26,U26,V26,,,
2025-08-26,27,52.500,45.600,46.050,48.510,51.310,53.610,55.540,56.120,57.430,58.370,58.750,59.700,61.390,60.930,60.120,,V25,X25,Z25,F26,G26,H26,J26,K26,M26,N26,Q26,U26,V26,X26,Z26,
2025-08-27,26,53.050,46.100,46.470,48.870,51.640,53.830,55.770,56.470,57.630,58.580,59.070,59.770,61.720,,,,V25,X25,Z25,F26,G26,H26,J26,K26,M26,N26,Q26,U26,V26,,,
2025-08-28,25,53.510,46.540,46.900,49.290,52.050,54.260,56.170,56.710,57.950,58.940,59.280,60.170,62.050,,,,V25,X25,Z25,F26,G26,H26,J26,K26,M26,N26,Q26,U26,V26,,,
2025-08-29,24,53.200,46.250,46.580,48.960,51.690,53.930,55.830,56.330,57.650,58.610,58.930,59.840,,,,,V25,X25,Z25,F26,G26,H26,J26,K26,M26,N26,Q26,U26,,,,
2025-09-01,21,53.800,46.850,47.190,49.610,52.340,54.500,56.450,57.020,58.250,59.150,59.580,60.470,,,,,V25,X25,Z25,F26,G26,H26,J26,K26,M26,N26,Q26,U26,,,,
2025-09-02,20,54.810,47.850,48.180,50.560,53.260,55.480,57.310,57.840,59.130,60.020,60.460,61.290,63.100,,,,V25,X25,Z25,F26,G26,H26,J26,K26,M26,N26,Q26,U26,V26,,,
2025-09-03,19,52.960,46.120,46.610,49.080,51.880,54.110,56.080,56.840,57.960,58.970,59.530,60.270,62.100,61.640,60.590,,V25,X25,Z25,F26,G26,H26,J26,K26,M26,N26,Q26,U26,V26,X26,Z26,
2025-09-04,18,52.530,45.660,46.110,48.560,51.330,53.550,55.470,56.120,57.400,58.330,58.680,59.620,,,,,V25,X25,Z25,F26,G26,H26,J26,K26,M26,N26,Q26,U26,,,,
2025-09-05,17,51.160,44.330,44.840,47.360,50.260,52.510,54.530,55.150,56.410,57.250,57.850,58.750,60.400,60.520,59.140,57.250,V25,X25,Z25,F26,G26,H26,J26,K26,M26,N26,Q26,U26,V26,X26,Z26,F27
2025-09-08,14,51.650,44.830,45.380,47.930,50.800,53.120,55.080,55.580,57.010,57.810,58.380,59.280,61.070,60.450,59.750,57.170,V25,X25,Z25,F26,G26,H26,J26,K26,M26,N26,Q26,U26,V26,X26,Z26,F27
2025-09-09,13,51.960,45.190,45.760,48.290,51.110,53.460,55.400,55.950,57.300,58.250,58.550,59.530,61.250,,,,V25,X25,Z25,F26,G26,H26,J26,K26,M26,N26,Q26,U26,V26,,,
2025-09-10,12,52.940,46.210,46.750,49.250,52.080,54.330,56.240,56.820,58.050,59.030,59.400,60.260,61.950,61.380,60.610,,V25,X25,Z25,F26,G26,H26,J26,K26,M26,N26,Q26,U26,V26,X26,Z26,
2025-09-11,11,51.430,44.740,45.310,47.860,50.770,53.030,55.010,55.550,56.890,57.870,58.240,59.200,61.020,60.400,59.530,57.130,V25,X25,Z25,F26,G26,H26,J26,K26,M26,N26,Q26,U26,V26,X26,Z26,F27
2025-09-12,10,51.790,45.090,45.680,48.230,51.080,53.360,55.320,55.900,57.210,58.190,58.540,59.470,61.550,61.380,59.830,,V25,X25,Z25,F26,G26,H26,J26,K26,M26,N26,Q26,U26,V26,X26,Z26,
2025-09-15,7,52.470,45.780,46.340,48.850,51.680,53.910,55.870,56.450,57.740,58.690,59.090,59.990,,,,,V25,X25,Z25,F26,G26,H26,J26,K26,M26,N26,Q26,U26,,,,
2025-09-16,6,53.740,46.950,47.400,49.850,52.620,54.830,56.750,57.300,58.590,59.510,59.920,60.730,,,,,V25,X25,Z25,F26,G26,H26,J26,K26,M26,N26,Q26,U26,,,,
2025-09-17,5,53.160,46.410,46.840,49.280,52.060,54.170,56.190,56.670,57.980,58.850,59.180,60.050,62.130,61.630,60.440,57.910,V25,X25,Z25,F26,G26,H26,J26,K26,M26,N26,Q26,U26,V26,X26,Z26,F27
2025-09-18,4,52.830,46.080,46.500,48.930,51.690,53.880,55.790,56.300,57.610,58.500,58.910,59.800,61.430,60.880,60.120,57.540,V25,X25,Z25,F26,G26,H26,J26,K26,M26,N26,Q26,U26,V26,X26,Z26,F27
2025-09-19,3,51.910,45.130,45.510,47.920,50.660,52.900,54.800,55.400,56.730,57.690,58.070,58.940,60.700,60.130,59.300,56.870,V25,X25,Z25,F26,G26,H26,J26,K26,M26,N26,Q26,U26,V26,X26,Z26,F27
2025-09-22,0,51.830,45.110,45.510,47.950,50.740,52.970,54.900,55.530,56.840,57.810,58.200,59.060,60.800,,,,V25,X25,Z25,F26,G26,H26,J26,K26,M26,N26,Q26,U26,V26,,,
2025-09-23,28,53.140,46.330,46.670,49.040,51.780,54.010,55.890,56.460,57.770,58.710,59.100,59.810,60.800,60.890,59.500,56.870,X25,Z25,F26,G26,H26,J26,K26,M26,N26,Q26,U26,V26,X26,Z26,F27,G27
2025-09-24,27,54.300,47.410,47.620,49.930,52.600,54.740,56.530,57.080,58.300,59.270,59.540,60.360,61.340,61.210,59.570,57.330,X25,Z25,F26,G26,H26,J26,K26,M26,N26,Q26,U26,V26,X26,Z26,F27,G27
2025-09-25,26,54.710,47.760,47.990,50.260,52.940,55.110,56.860,57.400,58.660,59.480,59.890,60.660,61.550,61.490,,,X25,Z25,F26,G26,H26,J26,K26,M26,N26,Q26,U26,V26,X26,Z26,,
2025-09-26,25,54.680,47.830,48.080,50.380,53.070,55.160,56.980,57.530,58.780,60.020,60.030,61.060,61.750,61.640,,,X25,Z25,F26,G26,H26,J26,K26,M26,N26,Q26,U26,V26,X26,Z26,,
2025-09-29,22,52.670,45.920,46.260,48.640,51.380,53.580,55.420,55.980,57.320,58.210,58.570,59.630,60.640,60.390,58.880,,X25,Z25,F26,G26,H26,J26,K26,M26,N26,Q26,U26,V26,X26,Z26,F27,
2025-09-30,21,51.920,45.190,45.570,47.940,50.720,52.890,54.880,55.400,56.740,57.730,58.010,58.970,60.190,59.920,,,X25,Z25,F26,G26,H26,J26,K26,M26,N26,Q26,U26,V26,X26,Z26,,
2025-10-01,20,51.290,44.590,45.000,47.440,50.200,52.570,54.390,54.980,56.350,57.270,57.860,58.500,59.740,59.550,58.180,56.030,X25,Z25,F26,G26,H26,J26,K26,M26,N26,Q26,U26,V26,X26,Z26,F27,G27
2025-10-02,19,50.170,43.500,43.980,46.450,49.310,51.570,53.590,54.200,55.540,56.630,56.980,57.860,59.220,58.950,,,X25,Z25,F26,G26,H26,J26,K26,M26,N26,Q26,U26,V26,X26,Z26,,
2025-10-03,18,50.180,43.530,43.990,46.480,49.300,51.600,53.620,54.160,55.530,56.530,57.020,58.080,,,,,X25,Z25,F26,G26,H26,J26,K26,M26,N26,Q26,U26,V26,,,,
2025-10-06,15,51.210,44.550,44.970,47.450,50.270,52.520,54.450,55.110,56.510,57.450,57.860,58.670,59.690,59.780,58.090,,X25,Z25,F26,G26,H26,J26,K26,M26,N26,Q26,U26,V26,X26,Z26,F27,
2025-10-07,14,51.530,44.770,45.130,47.580,50.310,52.600,54.500,55.100,56.320,57.330,57.860,58.770,59.650,59.740,57.900,56.060,X25,Z25,F26,G26,H26,J26,K26,M26,N26,Q26,U26,V26,X26,Z26,F27,G27
2025-10-08,13,51.790,44.960,45.260,47.640,50.440,52.690,54.660,55.200,56.560,57.610,57.940,58.770,59.940,59.750,,,X25,Z25,F26,G26,H26,J26,K26,M26,N26,Q26,U26,V26,X26,Z26,,
2025-10-09,12,51.010,44.210,44.580,47.000,49.840,52.090,54.020,54.720,56.060,56.920,57.490,58.370,59.190,59.380,,,X25,Z25,F26,G26,H26,J26,K26,M26,N26,Q26,U26,V26,X26,Z26,,
2025-10-10,11,47.730,41.010,41.470,44.010,46.880,49.280,51.310,52.020,53.500,54.480,55.170,56.180,57.410,57.100,56.010,,X25,Z25,F26,G26,H26,J26,K26,M26,N26,Q26,U26,V26,X26,Z26,F27,
2025-10-13,8,49.050,42.310,42.750,45.280,48.160,50.540,52.550,53.270,54.740,55.870,56.280,57.270,58.180,58.330,57.110,,X25,Z25,F26,G26,H26,J26,K26,M26,N26,Q26,U26,V26,X26,Z26,F27,
2025-10-14,7,48.080,41.350,41.810,44.350,47.350,49.680,51.620,52.480,53.850,54.950,55.620,56.350,57.500,57.600,55.730,54.080,X25,Z25,F26,G26,H26,J26,K26,M26,N26,Q26,U26,V26,X26,Z26,F27,G27
2025-10-15,6,48.240,41.470,41.920,44.480,47.420,49.800,51.720,52.610,53.770,54.800,55.660,56.310,57.760,57.730,55.900,53.880,X25,Z25,F26,G26,H26,J26,K26,M26,N26,Q26,U26,V26,X26,Z26,F27,G27
2025-10-16,5,46.910,40.120,40.620,43.210,46.130,48.590,50.610,51.450,52.940,54.050,54.580,55.480,56.790,56.630,55.130,53.090,X25,Z25,F26,G26,H26,J26,K26,M26,N26,Q26,U26,V26,X26,Z26,F27,G27
2025-10-17,4,47.130,40.420,41.020,43.660,46.650,49.080,51.160,51.960,53.420,54.500,55.080,55.970,57.180,57.180,55.670,,X25,Z25,F26,G26,H26,J26,K26,M26,N26,Q26,U26,V26,X26,Z26,F27,
2025-10-20,1,46.890,40.100,40.690,43.350,46.370,48.780,50.970,51.720,53.220,54.350,54.900,55.750,56.770,57.050,,,X25,Z25,F26,G26,H26,J26,K26,M26,N26,Q26,U26,V26,X26,Z26,,
2025-10-21,0,47.350,40.750,41.290,43.890,46.880,49.300,51.360,52.140,53.640,54.710,55.250,55.900,57.160,57.310,55.660,53.640,X25,Z25,F26,G26,H26,J26,K26,M26,N26,Q26,U26,V26,X26,Z26,F27,G27
2025-10-22,29,49.150,42.420,42.780,45.290,48.220,50.490,52.550,53.330,54.690,55.760,56.620,57.170,58.210,58.060,56.260,,Z25,F26,G26,H26,J26,K26,M26,N26,Q26,U26,V26,X26,Z26,F27,G27,
2025-10-23,28,51.520,44.350,44.360,46.510,49.210,51.380,53.260,53.820,55.180,56.010,56.810,57.710,58.310,58.780,,,Z25,F26,G26,H26,J26,K26,M26,N26,Q26,U26,V26,X26,Z26,F27,,
2025-10-24,27,51.210,44.160,44.250,46.490,49.190,51.400,53.330,53.920,55.350,56.300,56.950,57.470,58.440,58.670,57.040,54.900,Z25,F26,G26,H26,J26,K26,M26,N26,Q26,U26,V26,X26,Z26,F27,G27,H27
2025-10-27,24,51.120,44.110,44.220,46.520,49.320,51.620,53.510,54.190,55.490,56.420,57.140,57.710,58.670,,,,Z25,F26,G26,H26,J26,K26,M26,N26,Q26,U26,V26,X26,Z26,,,
2025-10-28,23,49.930,43.060,43.360,45.750,48.580,50.930,52.910,53.630,54.830,55.840,56.560,57.240,58.290,58.560,,,Z25,F26,G26,H26,J26,K26,M26,N26,Q26,U26,V26,X26,Z26,F27,,
2025-10-29,22,49.950,43.120,43.410,45.840,48.780,51.130,53.000,53.810,55.300,56.280,57.000,57.520,58.380,58.880,,,Z25,F26,G26,H26,J26,K26,M26,N26,Q26,U26,V26,X26,Z26,F27,,
2025-10-30,21,50.020,43.150,43.420,45.820,48.690,51.000,52.990,53.670,55.090,56.260,56.540,57.600,58.470,,,,Z25,F26,G26,H26,J26,K26,M26,N26,Q26,U26,V26,X26,Z26,,,
2025-10-31,20,50.650,43.780,43.980,46.280,49.040,51.340,53.310,53.980,55.390,56.360,57.170,57.720,58.660,58.920,,,Z25,F26,G26,H26,J26,K26,M26,N26,Q26,U26,V26,X26,Z26,F27,,
2025-11-03,17,50.790,44.000,44.250,46.580,49.360,51.660,53.650,54.310,55.760,56.630,57.560,57.880,58.930,59.180,57.210,,Z25,F26,G26,H26,J26,K26,M26,N26,Q26,U26,V26,X26,Z26,F27,G27,
2025-11-04,16,50.200,43.470,43.760,46.130,49.000,51.260,53.310,54.030,55.470,56.410,57.300,57.680,58.670,59.070,,,Z25,F26,G26,H26,J26,K26,M26,N26,Q26,U26,V26,X26,Z26,F27,,
2025-11-05,15,49.410,42.720,43.090,45.520,48.430,50.790,52.810,53.480,54.980,55.980,57.310,57.370,58.240,58.410,56.990,55.260,Z25,F26,G26,H26,J26,K26,M26,N26,Q26,U26,V26,X26,Z26,F27,G27,H27
2025-11-06,14,49.300,42.670,43.020,45.430,48.280,50.650,52.700,53.490,54.950,55.870,56.720,57.230,58.180,58.340,,,Z25,F26,G26,H26,J26,K26,M26,N26,Q26,U26,V26,X26,Z26,F27,,
2025-11-07,13,49.610,42.940,43.290,45.720,48.620,50.980,52.990,53.790,55.210,56.150,56.860,57.400,58.400,,,,Z25,F26,G26,H26,J26,K26,M26,N26,Q26,U26,V26,X26,Z26,,,
2025-11-10,10,49.820,43.210,43.610,46.050,48.950,51.300,53.290,54.080,55.470,56.400,56.700,57.650,58.620,58.840,,,Z25,F26,G26,H26,J26,K26,M26,N26,Q26,U26,V26,X26,Z26,F27,,
2025-11-11,9,50.810,44.260,44.660,47.090,49.930,52.240,54.230,54.900,56.250,57.180,57.950,58.300,59.300,,,,Z25,F26,G26,H26,J26,K26,M26,N26,Q26,U26,V26,X26,Z26,,,
2025-11-12,8,48.250,41.750,42.200,44.590,47.480,49.910,51.960,52.560,54.030,55.020,55.740,56.260,57.360,57.450,55.830,,Z25,F26,G26,H26,J26,K26,M26,N26,Q26,U26,V26,X26,Z26,F27,G27,
2025-11-13,7,48.370,41.810,42.200,44.650,47.500,49.830,51.850,52.560,54.130,55.070,55.880,56.290,57.250,,,,Z25,F26,G26,H26,J26,K26,M26,N26,Q26,U26,V26,X26,Z26,,,
2025-11-14,6,49.720,43.080,43.440,45.780,48.540,50.880,52.820,53.500,55.050,55.810,56.640,57.140,58.000,58.290,56.550,,Z25,F26,G26,H26,J26,K26,M26,N26,Q26,U26,V26,X26,Z26,F27,G27,
2025-11-17,3,49.490,42.930,43.290,45.630,48.430,50.710,52.660,53.390,54.810,55.850,56.480,57.070,57.880,,,,Z25,F26,G26,H26,J26,K26,M26,N26,Q26,U26,V26,X26,Z26,,,
2025-11-18,2,50.440,43.840,44.110,46.400,49.150,51.390,53.320,53.970,55.410,56.280,57.050,57.490,58.360,58.580,,,Z25,F26,G26,H26,J26,K26,M26,N26,Q26,U26,V26,X26,Z26,F27,,
2025-11-19,1,49.350,42.680,42.930,45.180,47.890,50.170,52.110,52.650,54.010,55.020,55.650,56.180,57.260,57.300,,,Z25,F26,G26,H26,J26,K26,M26,N26,Q26,U26,V26,X26,Z26,F27,,
2025-11-20,0,49.040,42.030,42.270,44.550,47.290,49.570,51.510,52.190,53.610,54.530,55.260,55.840,56.770,57.060,,,Z25,F26,G26,H26,J26,K26,M26,N26,Q26,U26,V26,X26,Z26,F27,,
2025-11-21,28,48.260,41.300,41.590,43.920,46.650,48.990,50.940,51.700,53.180,53.980,54.630,55.440,56.220,57.060,,,F26,G26,H26,J26,K26,M26,N26,Q26,U26,V26,X26,Z26,F27,G27,,
2025-11-24,25,49.170,42.140,42.400,44.710,47.470,49.780,51.750,52.430,53.930,54.880,55.490,56.090,,,,,F26,G26,H26,J26,K26,M26,N26,Q26,U26,V26,X26,Z26,,,,
2025-11-25,24,48.390,41.430,41.750,44.110,46.880,49.230,51.160,51.920,53.350,54.280,54.950,55.730,56.460,57.260,,,F26,G26,H26,J26,K26,M26,N26,Q26,U26,V26,X26,Z26,F27,G27,,
2025-11-26,23,48.830,41.890,42.180,44.530,47.270,49.620,51.610,52.320,53.870,54.780,55.370,56.100,56.940,,,,F26,G26,H26,J26,K26,M26,N26,Q26,U26,V26,X26,Z26,F27,,,
2025-11-27,22,49.380,42.400,42.650,44.960,47.730,50.010,51.960,52.700,54.150,55.100,55.410,56.430,,,,,F26,G26,H26,J26,K26,M26,N26,Q26,U26,V26,X26,Z26,,,,
2025-11-28,21,48.760,41.780,42.020,44.380,46.930,49.420,51.300,51.960,53.520,54.340,54.980,55.840,,,,,F26,G26,H26,J26,K26,M26,N26,Q26,U26,V26,X26,Z26,,,,
2025-12-01,18,49.790,42.780,43.050,45.340,48.060,50.370,52.310,52.980,54.470,55.360,56.000,56.620,,,,,F26,G26,H26,J26,K26,M26,N26,Q26,U26,V26,X26,Z26,,,,
2025-12-02,17,48.870,41.880,42.140,44.460,47.190,49.480,51.510,52.080,53.600,54.500,55.140,55.790,56.610,57.380,,,F26,G26,H26,J26,K26,M26,N26,Q26,U26,V26,X26,Z26,F27,G27,,
2025-12-03,16,49.390,42.350,42.570,44.860,47.540,49.840,51.780,52.440,53.870,54.710,55.270,56.050,,,,,F26,G26,H26,J26,K26,M26,N26,Q26,U26,V26,X26,Z26,,,,
2025-12-04,15,49.980,42.920,43.110,45.370,48.050,50.300,52.220,52.820,54.270,55.080,55.920,56.360,,,,,F26,G26,H26,J26,K26,M26,N26,Q26,U26,V26,X26,Z26,,,,
2025-12-05,14,50.420,43.390,43.610,45.880,48.590,50.780,52.710,53.320,54.610,55.560,56.070,56.780,57.480,,,,F26,G26,H26,J26,K26,M26,N26,Q26,U26,V26,X26,Z26,F27,,,
2025-12-08,11,49.130,42.180,42.440,44.700,47.360,49.630,51.480,52.170,53.590,54.470,55.100,55.810,56.660,,,,F26,G26,H26,J26,K26,M26,N26,Q26,U26,V26,X26,Z26,F27,,,
2025-12-09,10,48.670,41.810,42.130,44.440,47.120,49.430,51.290,52.040,53.490,54.480,54.890,55.710,,,,,F26,G26,H26,J26,K26,M26,N26,Q26,U26,V26,X26,Z26,,,,
2025-12-10,9,49.240,42.330,42.620,44.900,47.600,49.850,51.790,52.490,53.940,54.480,55.130,56.140,56.540,57.650,56.260,53.200,F26,G26,H26,J26,K26,M26,N26,Q26,U26,V26,X26,Z26,F27,G27,H27,J27
2025-12-11,8,48.200,41.320,41.650,43.960,46.670,48.950,50.920,51.540,53.040,53.890,54.550,55.410,55.980,,,,F26,G26,H26,J26,K26,M26,N26,Q26,U26,V26,X26,Z26,F27,,,
2025-12-12,7,47.810,40.900,41.180,43.480,46.140,48.490,50.460,51.160,52.650,53.510,54.150,54.970,,,,,F26,G26,H26,J26,K26,M26,N26,Q26,U26,V26,X26,Z26,,,,
2025-12-15,4,46.960,40.090,40.400,42.750,45.530,47.900,49.940,50.700,52.230,53.150,53.870,54.640,55.670,56.540,,,F26,G26,H26,J26,K26,M26,N26,Q26,U26,V26,X26,Z26,F27,G27,,
2025-12-16,3,45.450,38.630,39.020,41.420,44.230,46.630,48.690,49.450,50.980,51.950,52.720,53.480,54.400,55.610,54.190,51.330,F26,G26,H26,J26,K26,M26,N26,Q26,U26,V26,X26,Z26,F27,G27,H27,J27
2025-12-17,2,47.180,40.300,40.590,42.930,45.670,47.970,49.960,50.700,52.180,52.460,53.460,54.510,54.770,56.030,,,F26,G26,H26,J26,K26,M26,N26,Q26,U26,V26,X26,Z26,F27,G27,,
2025-12-18,1,46.300,39.460,39.790,42.150,44.920,47.280,49.270,49.990,51.480,52.420,53.100,53.860,55.440,55.500,54.430,51.530,F26,G26,H26,J26,K26,M26,N26,Q26,U26,V26,X26,Z26,F27,G27,H27,J27
2025-12-19,0,46.930,40.100,40.390,42.700,45.440,47.770,49.710,50.450,51.970,52.820,53.530,54.220,55.050,,,,F26,G26,H26,J26,K26,M26,N26,Q26,U26,V26,X26,Z26,F27,,,
2025-12-22,29,48.340,41.510,41.750,44.010,46.690,49.010,50.860,51.520,53.120,53.810,54.510,55.230,55.050,56.320,55.530,52.800,G26,H26,J26,K26,M26,N26,Q26,U26,V26,X26,Z26,F27,G27,H27,J27,K27
2025-12-23,28,48.860,41.930,42.140,44.340,47.020,49.320,51.200,51.850,53.390,54.120,54.860,55.480,55.100,56.550,,,G26,H26,J26,K26,M26,N26,Q26,U26,V26,X26,Z26,F27,G27,H27,,
2025-12-24,27,48.790,41.880,42.080,44.320,47.030,49.330,51.170,51.900,53.500,54.210,54.910,55.560,,,,,G26,H26,J26,K26,M26,N26,Q26,U26,V26,X26,Z26,F27,,,,
2025-12-26,25,47.320,40.480,40.720,42.970,45.720,48.050,49.970,50.650,52.210,53.010,53.840,54.520,,,,,G26,H26,J26,K26,M26,N26,Q26,U26,V26,X26,Z26,F27,,,,
2025-12-29,22,48.220,41.320,41.520,43.770,46.440,48.770,50.650,51.430,52.920,53.650,54.350,55.080,55.120,56.530,55.580,,G26,H26,J26,K26,M26,N26,Q26,U26,V26,X26,Z26,F27,G27,H27,J27,
2025-12-30,21,48.340,41.470,41.680,43.920,46.600,48.930,50.790,51.490,53.020,53.790,54.530,55.160,54.990,56.550,55.520,52.730,G26,H26,J26,K26,M26,N26,Q26,U26,V26,X26,Z26,F27,G27,H27,J27,K27
2025-12-31,20,47.800,40.940,41.150,43.380,46.070,48.410,50.310,51.010,52.550,53.320,54.040,54.740,54.590,55.830,55.330,,G26,H26,J26,K26,M26,N26,Q26,U26,V26,X26,Z26,F27,G27,H27,J27,
2026-01-02,18,47.720,40.860,41.090,43.340,46.060,48.420,50.280,51.010,52.570,53.400,54.090,54.710,54.670,55.960,55.180,,G26,H26,J26,K26,M26,N26,Q26,U26,V26,X26,Z26,F27,G27,H27,J27,
2026-01-05,15,48.740,41.820,42.020,44.230,46.880,49.180,51.040,51.680,53.160,53.950,54.590,55.210,,,,,G26,H26,J26,K26,M26,N26,Q26,U26,V26,X26,Z26,F27,,,,
2026-01-06,14,47.360,40.500,40.710,42.920,45.600,47.950,49.900,50.560,52.010,52.810,53.570,54.460,54.190,55.530,55.460,,G26,H26,J26,K26,M26,N26,Q26,U26,V26,X26,Z26,F27,G27,H27,J27,
2026-01-07,13,46.790,40.020,40.260,42.490,45.200,47.480,49.390,50.130,51.520,52.250,53.140,53.730,53.690,55.040,,,G26,H26,J26,K26,M26,N26,Q26,U26,V26,X26,Z26,F27,G27,H27,,
2026-01-08,12,48.790,41.970,42.230,44.380,47.050,49.320,51.170,51.840,53.430,54.140,54.790,55.400,54.850,56.630,55.240,52.490,G26,H26,J26,K26,M26,N26,Q26,U26,V26,X26,Z26,F27,G27,H27,J27,K27
2026-01-09,11,49.170,42.340,42.560,44.700,47.350,49.580,51.460,52.030,53.520,54.360,54.900,55.560,55.540,56.510,55.980,52.990,G26,H26,J26,K26,M26,N26,Q26,U26,V26,X26,Z26,F27,G27,H27,J27,K27
2026-01-12,8,50.230,43.390,43.530,45.640,48.210,50.450,52.080,52.810,54.280,54.710,55.560,55.580,55.860,57.240,56.170,53.400,G26,H26,J26,K26,M26,N26,Q26,U26,V26,X26,Z26,F27,G27,H27,J27,K27
2026-01-13,7,51.490,44.590,44.670,46.710,49.210,51.390,53.200,53.710,55.140,55.790,56.410,56.960,56.680,58.060,,,G26,H26,J26,K26,M26,N26,Q26,U26,V26,X26,Z26,F27,G27,H27,,
2026-01-14,6,51.440,44.740,44.840,46.930,49.450,51.570,53.600,53.660,54.440,55.470,56.620,56.580,57.340,58.760,57.600,,G26,H26,J26,K26,M26,N26,Q26,U26,V26,X26,Z26,F27,G27,H27,J27,
2026-01-15,5,49.670,42.890,43.080,45.230,47.800,50.030,51.830,52.410,53.800,54.410,55.300,55.950,55.600,56.860,56.020,53.380,G26,H26,J26,K26,M26,N26,Q26,U26,V26,X26,Z26,F27,G27,H27,J27,K27
2026-01-16,4,49.690,42.940,43.180,45.290,47.860,50.060,51.890,52.500,54.110,54.790,55.280,56.070,55.820,57.190,,,G26,H26,J26,K26,M26,N26,Q26,U26,V26,X26,Z26,F27,G27,H27,,
2026-01-19,1,49.830,43.150,43.340,45.440,47.980,50.170,51.930,52.520,53.960,54.730,55.310,56.030,,,,,G26,H26,J26,K26,M26,N26,Q26,U26,V26,X26,Z26,F27,,,,
2026-01-20,0,50.920,43.240,43.420,45.550,48.140,50.370,52.080,52.750,54.300,54.950,55.660,56.240,56.160,57.510,56.670,54.130,G26,H26,J26,K26,M26,N26,Q26,U26,V26,X26,Z26,F27,G27,H27,J27,K27
2026-01-21,30,52.070,44.350,44.480,46.590,49.140,51.480,53.080,53.570,55.220,55.790,56.550,56.980,56.950,,,,H26,J26,K26,M26,N26,Q26,U26,V26,X26,Z26,F27,G27,H27,,,
2026-01-22,29,51.070,43.390,43.580,45.710,48.280,50.550,52.210,52.720,54.280,55.120,55.740,56.200,56.080,57.330,,,H26,J26,K26,M26,N26,Q26,U26,V26,X26,Z26,F27,G27,H27,J27,,
2026-01-23,28,52.680,44.910,44.980,47.030,49.570,51.840,53.450,54.020,55.610,56.180,56.900,57.250,57.230,58.530,57.340,55.250,H26,J26,K26,M26,N26,Q26,U26,V26,X26,Z26,F27,G27,H27,J27,K27,M27
2026-01-26,25,52.230,44.500,44.670,46.780,49.370,51.710,53.330,53.960,55.540,56.070,56.820,57.330,57.060,58.270,57.220,55.270,H26,J26,K26,M26,N26,Q26,U26,V26,X26,Z26,F27,G27,H27,J27,K27,M27
2026-01-27,24,53.970,46.140,46.190,48.170,50.630,52.830,54.400,54.730,56.410,56.920,57.630,58.040,57.680,59.040,57.760,55.770,H26,J26,K26,M26,N26,Q26,U26,V26,X26,Z26,F27,G27,H27,J27,K27,M27
2026-01-28,23,54.900,47.050,47.060,48.960,51.270,53.440,54.910,55.370,56.750,57.250,57.950,58.330,58.140,,,,H26,J26,K26,M26,N26,Q26,U26,V26,X26,Z26,F27,G27,H27,,,
2026-01-29,22,56.910,48.940,48.830,50.610,52.850,54.820,56.220,56.380,57.840,58.400,58.990,59.300,58.850,60.190,59.150,56.760,H26,J26,K26,M26,N26,Q26,U26,V26,X26,Z26,F27,G27,H27,J27,K27,M27
2026-01-30,21,57.140,49.070,48.910,50.680,52.970,54.910,56.290,56.780,58.180,58.420,59.070,59.390,59.050,60.280,59.200,56.890,H26,J26,K26,M26,N26,Q26,U26,V26,X26,Z26,F27,G27,H27,J27,K27,M27
2026-02-02,18,53.730,45.810,45.790,47.660,50.000,52.090,53.570,53.930,55.390,55.900,56.360,56.730,56.490,57.820,56.760,54.700,H26,J26,K26,M26,N26,Q26,U26,V26,X26,Z26,F27,G27,H27,J27,K27,M27
2026-02-03,17,55.300,47.400,47.380,49.210,51.560,53.610,55.120,55.490,56.930,57.380,58.030,58.490,57.880,59.220,57.570,55.980,H26,J26,K26,M26,N26,Q26,U26,V26,X26,Z26,F27,G27,H27,J27,K27,M27
2026-02-04,16,55.870,48.010,48.000,49.890,52.190,54.280,55.760,56.010,57.530,57.940,58.550,58.840,58.550,60.060,58.520,56.390,H26,J26,K26,M26,N26,Q26,U26,V26,X26,Z26,F27,G27,H27,J27,K27,M27
2026-02-05,15,54.520,46.790,46.850,48.750,51.120,53.310,54.690,55.160,56.550,57.030,57.840,58.180,57.990,59.230,58.010,55.680,H26,J26,K26,M26,N26,Q26,U26,V26,X26,Z26,F27,G27,H27,J27,K27,M27
2026-02-06,14,54.900,47.210,47.300,49.290,51.650,53.770,55.270,55.720,57.110,57.560,58.080,58.470,58.400,59.830,57.710,56.020,H26,J26,K26,M26,N26,Q26,U26,V26,X26,Z26,F27,G27,H27,J27,K27,M27
2026-02-09,11,55.820,48.150,48.330,50.290,52.700,54.820,56.260,56.510,58.070,58.450,58.940,59.350,59.150,60.030,58.250,56.820,H26,J26,K26,M26,N26,Q26,U26,V26,X26,Z26,F27,G27,H27,J27,K27,M27
2026-02-10,10,55.600,47.940,48.060,50.080,52.500,54.640,56.100,56.520,57.920,58.310,58.940,59.190,58.950,59.940,59.110,56.700,H26,J26,K26,M26,N26,Q26,U26,V26,X26,Z26,F27,G27,H27,J27,K27,M27
2026-02-11,9,56.290,48.640,48.790,50.780,53.200,55.280,56.730,57.020,58.390,58.820,59.230,59.670,59.100,60.420,59.120,56.990,H26,J26,K26,M26,N26,Q26,U26,V26,X26,Z26,F27,G27,H27,J27,K27,M27
2026-02-12,8,54.310,46.650,46.800,48.830,51.270,53.400,54.880,55.280,56.800,57.180,57.840,58.160,57.920,,,,H26,J26,K26,M26,N26,Q26,U26,V26,X26,Z26,F27,G27,H27,,,
2026-02-13,7,54.210,46.600,46.760,48.730,51.150,53.370,54.740,55.190,56.610,57.000,57.470,57.800,57.760,58.860,57.670,55.620,H26,J26,K26,M26,N26,Q26,U26,V26,X26,Z26,F27,G27,H27,J27,K27,M27
2026-02-16,4,55.130,47.470,47.610,49.590,51.950,54.030,55.460,55.920,57.280,57.690,58.340,58.730,58.420,59.370,,,H26,J26,K26,M26,N26,Q26,U26,V26,X26,Z26,F27,G27,H27,J27,,
2026-02-17,3,53.700,46.130,46.330,48.340,50.770,52.890,54.360,54.850,56.210,56.690,57.440,57.770,57.450,58.870,58.460,55.320,H26,J26,K26,M26,N26,Q26,U26,V26,X26,Z26,F27,G27,H27,J27,K27,M27
2026-02-18,2,56.480,48.850,48.970,50.910,53.180,55.200,56.510,56.820,58.130,58.430,58.950,59.260,59.160,60.170,58.870,56.410,H26,J26,K26,M26,N26,Q26,U26,V26,X26,Z26,F27,G27,H27,J27,K27,M27
2026-02-19,1,58.180,50.580,50.730,52.610,54.810,56.710,57.930,58.120,59.160,59.500,59.960,60.150,59.750,60.810,59.560,57.220,H26,J26,K26,M26,N26,Q26,U26,V26,X26,Z26,F27,G27,H27,J27,K27,M27
2026-02-20,0,57.890,50.220,50.380,52.240,54.490,56.420,57.660,57.900,59.060,59.370,59.780,59.980,59.630,60.840,59.480,57.120,H26,J26,K26,M26,N26,Q26,U26,V26,X26,Z26,F27,G27,H27,J27,K27,M27
2026-02-23,25,57.870,50.190,50.430,52.310,54.600,56.560,57.820,58.290,59.270,59.650,60.150,60.310,59.750,61.010,59.710,57.290,J26,K26,M26,N26,Q26,U26,V26,X26,Z26,F27,G27,H27,J27,K27,M27,N27
2026-02-24,24,57.660,50.060,50.370,52.310,54.610,56.600,57.880,58.390,59.390,59.810,60.310,60.600,59.900,,,,J26,K26,M26,N26,Q26,U26,V26,X26,Z26,F27,G27,H27,J27,,,
2026-02-25,23,57.150,49.560,49.910,51.900,54.270,56.290,57.560,57.930,59.140,59.480,59.970,60.160,59.770,,,,J26,K26,M26,N26,Q26,U26,V26,X26,Z26,F27,G27,H27,J27,,,
2026-02-26,22,57.050,49.450,49.740,51.690,54.000,56.000,57.410,57.620,58.790,59.210,59.650,59.860,59.380,60.420,59.270,57.330,J26,K26,M26,N26,Q26,U26,V26,X26,Z26,F27,G27,H27,J27,K27,M27,N27
2026-02-27,21,58.870,51.230,51.360,53.250,55.460,57.330,58.470,58.860,59.880,60.170,60.590,60.720,60.100,61.040,59.900,57.240,J26,K26,M26,N26,Q26,U26,V26,X26,Z26,F27,G27,H27,J27,K27,M27,N27
2026-03-02,18,62.610,54.560,54.150,55.510,57.320,58.860,59.940,59.900,60.590,60.950,61.020,61.120,61.010,61.870,60.220,58.960,J26,K26,M26,N26,Q26,U26,V26,X26,Z26,F27,G27,H27,J27,K27,M27,N27
2026-03-03,17,66.380,57.860,56.620,57.420,58.940,60.230,60.760,60.630,61.390,61.400,61.450,61.270,60.930,62.030,60.380,57.970,J26,K26,M26,N26,Q26,U26,V26,X26,Z26,F27,G27,H27,J27,K27,M27,N27
2026-03-04,16,67.690,58.700,57.270,58.040,59.450,60.720,61.350,61.120,61.920,61.870,62.130,62.110,61.460,62.650,61.260,,J26,K26,M26,N26,Q26,U26,V26,X26,Z26,F27,G27,H27,J27,K27,M27,
2026-03-05,15,70.450,61.130,58.960,59.130,60.280,61.640,62.210,62.610,63.130,62.770,63.350,63.280,62.770,,,,J26,K26,M26,N26,Q26,U26,V26,X26,Z26,F27,G27,H27,J27,,,
2026-03-06,14,82.890,71.940,67.170,65.080,64.700,65.000,65.060,64.560,65.110,64.900,64.970,64.790,64.030,65.220,63.520,60.930,J26,K26,M26,N26,Q26,U26,V26,X26,Z26,F27,G27,H27,J27,K27,M27,N27
2026-03-09,11,76.660,66.770,63.760,63.010,63.610,64.160,64.350,63.820,65.030,64.990,64.760,64.660,64.190,66.030,63.930,62.450,J26,K26,M26,N26,Q26,U26,V26,X26,Z26,F27,G27,H27,J27,K27,M27,N27
2026-03-10,10,77.970,68.910,66.280,65.540,65.700,65.960,65.880,65.420,65.850,65.620,66.190,65.540,64.590,65.530,64.430,,J26,K26,M26,N26,Q26,U26,V26,X26,Z26,F27,G27,H27,J27,K27,M27,
2026-03-11,9,79.990,71.160,69.000,68.610,68.940,69.240,69.090,68.320,68.590,68.000,67.720,67.330,66.310,67.460,65.730,63.100,J26,K26,M26,N26,Q26,U26,V26,X26,Z26,F27,G27,H27,J27,K27,M27,N27
2026-03-12,8,87.970,79.170,75.820,74.600,74.320,74.150,73.470,71.810,71.920,70.810,70.290,69.480,68.570,69.160,67.850,,J26,K26,M26,N26,Q26,U26,V26,X26,Z26,F27,G27,H27,J27,K27,M27,
2026-03-13,7,90.890,81.290,77.260,75.420,74.890,74.590,73.680,72.330,72.410,71.220,70.910,70.490,69.060,70.220,68.350,65.670,J26,K26,M26,N26,Q26,U26,V26,X26,Z26,F27,G27,H27,J27,K27,M27,N27
2026-03-16,4,85.800,77.320,73.860,72.450,72.170,72.120,71.930,71.060,71.210,70.600,70.050,70.060,68.860,69.390,68.250,65.560,J26,K26,M26,N26,Q26,U26,V26,X26,Z26,F27,G27,H27,J27,K27,M27,N27
2026-03-17,3,87.600,79.390,76.170,74.700,74.160,73.990,73.650,72.780,72.850,72.220,71.970,71.470,70.160,70.780,69.600,66.400,J26,K26,M26,N26,Q26,U26,V26,X26,Z26,F27,G27,H27,J27,K27,M27,N27
2026-03-18,2,91.400,83.140,80.130,78.740,77.900,77.350,76.320,75.140,75.030,74.430,74.100,73.650,71.730,73.090,71.590,68.640,J26,K26,M26,N26,Q26,U26,V26,X26,Z26,F27,G27,H27,J27,K27,M27,N27
2026-03-19,1,86.780,78.680,76.430,75.570,74.880,74.690,74.040,73.480,73.730,73.370,73.170,73.040,73.070,72.440,71.380,68.460,J26,K26,M26,N26,Q26,U26,V26,X26,Z26,F27,G27,H27,J27,K27,M27,N27
2026-03-20,0,90.390,82.180,78.820,76.870,75.690,75.060,74.450,73.660,73.930,73.650,73.570,73.310,73.230,73.490,71.820,68.860,J26,K26,M26,N26,Q26,U26,V26,X26,Z26,F27,G27,H27,J27,K27,M27,N27
2026-03-23,29,81.170,74.040,72.160,71.510,71.200,71.250,70.610,70.080,70.680,69.750,70.510,68.940,70.360,71.020,68.580,,K26,M26,N26,Q26,U26,V26,X26,Z26,F27,G27,H27,J27,K27,M27,N27,
2026-03-24,28,80.690,73.940,72.180,71.610,71.450,71.400,70.860,70.410,70.480,70.330,70.810,69.590,70.490,71.140,71.610,,K26,M26,N26,Q26,U26,V26,X26,Z26,F27,G27,H27,J27,K27,M27,N27,
2026-03-25,27,83.590,76.450,74.330,73.510,73.190,72.940,72.440,71.690,72.050,71.770,71.800,70.840,71.720,71.780,70.660,67.710,K26,M26,N26,Q26,U26,V26,X26,Z26,F27,G27,H27,J27,K27,M27,N27,Q27
2026-03-26,26,86.090,78.520,76.380,75.490,74.950,74.500,73.830,72.930,72.980,72.580,72.580,71.530,72.550,72.650,71.860,,K26,M26,N26,Q26,U26,V26,X26,Z26,F27,G27,H27,J27,K27,M27,N27,
2026-03-27,25,93.480,83.410,79.560,77.610,76.240,75.250,74.180,73.160,73.230,72.830,72.860,71.620,72.970,72.710,71.740,68.530,K26,M26,N26,Q26,U26,V26,X26,Z26,F27,G27,H27,J27,K27,M27,N27,Q27
2026-03-30,22,97.310,85.920,80.940,78.220,76.290,75.010,73.940,72.970,73.020,72.750,72.690,71.520,72.270,72.490,71.040,,K26,M26,N26,Q26,U26,V26,X26,Z26,F27,G27,H27,J27,K27,M27,N27,
2026-03-31,21,93.860,80.990,75.250,72.400,70.670,69.730,69.100,68.490,68.910,68.800,68.790,68.070,68.980,69.030,68.130,65.360,K26,M26,N26,Q26,U26,V26,X26,Z26,F27,G27,H27,J27,K27,M27,N27,Q27
2026-04-01,20,91.210,78.000,72.450,69.850,68.520,67.940,67.490,67.010,67.670,67.540,67.630,66.910,67.780,68.060,66.860,64.180,K26,M26,N26,Q26,U26,V26,X26,Z26,F27,G27,H27,J27,K27,M27,N27,Q27
2026-04-02,19,104.360,85.690,77.990,73.290,70.890,69.520,68.590,68.160,68.570,68.160,68.610,67.420,68.000,68.900,67.330,64.470,K26,M26,N26,Q26,U26,V26,X26,Z26,F27,G27,H27,J27,K27,M27,N27,Q27
2026-04-06,15,104.910,86.260,78.830,74.450,71.960,70.600,69.980,69.470,69.810,69.610,69.890,68.890,68.020,70.130,68.840,66.010,K26,M26,N26,Q26,U26,V26,X26,Z26,F27,G27,H27,J27,K27,M27,N27,Q27
2026-04-07,14,102.640,84.640,77.330,73.410,71.360,70.480,70.050,69.500,70.220,70.160,69.880,69.490,69.920,70.130,68.960,66.130,K26,M26,N26,Q26,U26,V26,X26,Z26,F27,G27,H27,J27,K27,M27,N27,Q27
2026-04-08,13,88.800,77.070,73.460,71.810,71.410,71.290,71.080,70.720,71.180,71.040,71.190,69.730,70.560,71.270,69.190,64.880,K26,M26,N26,Q26,U26,V26,X26,Z26,F27,G27,H27,J27,K27,M27,N27,Q27
2026-04-09,12,90.280,78.090,74.040,72.050,71.260,70.970,70.600,70.220,70.620,70.360,70.590,69.480,70.000,70.600,69.230,66.450,K26,M26,N26,Q26,U26,V26,X26,Z26,F27,G27,H27,J27,K27,M27,N27,Q27
2026-04-10,11,87.930,77.080,73.140,71.350,71.070,71.120,70.920,70.440,71.000,70.890,71.010,70.010,70.750,71.010,70.150,67.340,K26,M26,N26,Q26,U26,V26,X26,Z26,F27,G27,H27,J27,K27,M27,N27,Q27
2026-04-13,8,90.310,79.880,75.850,73.980,73.550,73.480,73.100,72.430,72.800,72.540,72.420,71.750,72.080,72.300,71.140,,K26,M26,N26,Q26,U26,V26,X26,Z26,F27,G27,H27,J27,K27,M27,N27,
2026-04-14,7,84.370,76.760,74.130,72.780,72.360,72.320,72.020,71.470,71.870,71.580,71.670,70.500,71.080,71.600,70.250,67.290,K26,M26,N26,Q26,U26,V26,X26,Z26,F27,G27,H27,J27,K27,M27,N27,Q27
2026-04-15,6,83.690,76.090,73.910,73.020,72.690,72.690,72.420,71.950,72.530,72.360,72.530,71.580,72.230,72.730,71.690,68.630,K26,M26,N26,Q26,U26,V26,X26,Z26,F27,G27,H27,J27,K27,M27,N27,Q27
2026-04-16,5,85.490,77.620,74.540,73.330,72.860,72.740,72.580,71.890,72.570,72.380,72.450,71.510,72.210,72.510,71.690,68.830,K26,M26,N26,Q26,U26,V26,X26,Z26,F27,G27,H27,J27,K27,M27,N27,Q27
2026-04-17,4,77.870,71.970,70.090,69.460,69.370,69.320,69.120,68.760,69.150,69.310,69.510,68.710,69.380,69.900,68.500,65.920,K26,M26,N26,Q26,U26,V26,X26,Z26,F27,G27,H27,J27,K27,M27,N27,Q27
2026-04-20,1,80.100,73.860,71.560,70.580,70.310,70.290,69.990,69.430,70.360,70.470,69.850,69.840,70.950,70.160,69.860,66.940,K26,M26,N26,Q26,U26,V26,X26,Z26,F27,G27,H27,J27,K27,M27,N27,Q27
2026-04-21,0,84.100,78.190,75.350,73.880,73.010,72.670,72.160,71.410,71.450,71.200,71.260,70.090,70.930,71.250,70.430,67.600,K26,M26,N26,Q26,U26,V26,X26,Z26,F27,G27,H27,J27,K27,M27,N27,Q27
2026-04-22,27,86.750,79.940,76.600,75.070,74.070,73.610,73.050,72.480,72.430,72.020,72.170,70.740,71.590,71.350,70.560,68.340,M26,N26,Q26,U26,V26,X26,Z26,F27,G27,H27,J27,K27,M27,N27,Q27,U27
2026-04-23,26,90.880,83.450,79.520,77.440,76.160,75.500,74.780,74.020,73.620,73.250,73.080,71.590,72.630,72.410,71.330,68.990,M26,N26,Q26,U26,V26,X26,Z26,F27,G27,H27,J27,K27,M27,N27,Q27,U27
2026-04-24,25,88.760,81.640,78.200,76.460,75.210,74.730,74.130,73.510,73.310,72.970,73.050,71.300,72.250,71.790,70.930,68.580,M26,N26,Q26,U26,V26,X26,Z26,F27,G27,H27,J27,K27,M27,N27,Q27,U27
2026-04-27,22,90.560,83.420,79.790,77.740,76.280,75.560,74.730,73.990,73.790,73.270,73.490,71.880,72.570,72.050,71.310,69.160,M26,N26,Q26,U26,V26,X26,Z26,F27,G27,H27,J27,K27,M27,N27,Q27,U27
2026-04-28,21,93.500,85.970,81.930,79.390,77.510,76.310,75.280,74.290,73.830,73.200,73.080,71.440,72.210,71.810,,,M26,N26,Q26,U26,V26,X26,Z26,F27,G27,H27,J27,K27,M27,N27,,
2026-04-29,20,102.370,93.220,87.490,83.510,80.390,78.390,76.710,75.200,74.590,73.740,73.220,71.710,72.620,72.140,70.990,68.860,M26,N26,Q26,U26,V26,X26,Z26,F27,G27,H27,J27,K27,M27,N27,Q27,U27
2026-04-30,19,99.290,91.260,86.280,82.880,80.220,78.580,77.130,75.910,74.970,74.640,74.250,72.870,73.510,72.680,71.800,69.490,M26,N26,Q26,U26,V26,X26,Z26,F27,G27,H27,J27,K27,M27,N27,Q27,U27
2026-05-01,18,96.380,88.890,84.570,81.680,79.240,78.080,76.550,75.440,74.980,74.300,73.850,72.280,73.440,72.750,71.990,69.400,M26,N26,Q26,U26,V26,X26,Z26,F27,G27,H27,J27,K27,M27,N27,Q27,U27
2026-05-04,15,99.020,92.190,87.840,84.980,82.670,81.210,79.790,78.520,77.730,76.970,76.870,75.070,75.810,75.220,74.180,71.900,M26,N26,Q26,U26,V26,X26,Z26,F27,G27,H27,J27,K27,M27,N27,Q27,U27
2026-05-05,14,96.560,90.080,86.440,83.820,81.640,80.120,78.700,77.540,76.850,75.980,75.680,74.250,75.030,74.390,73.030,71.110,M26,N26,Q26,U26,V26,X26,Z26,F27,G27,H27,J27,K27,M27,N27,Q27,U27
2026-05-06,13,90.090,83.810,80.250,77.880,75.860,74.640,73.430,72.530,72.350,71.660,72.030,70.480,71.250,71.290,70.460,68.200,M26,N26,Q26,U26,V26,X26,Z26,F27,G27,H27,J27,K27,M27,N27,Q27,U27
2026-05-07,12,91.540,85.180,81.550,79.520,77.670,76.550,75.330,74.260,73.950,73.330,73.270,71.680,72.530,71.350,70.250,68.370,M26,N26,Q26,U26,V26,X26,Z26,F27,G27,H27,J27,K27,M27,N27,Q27,U27
2026-05-08,11,88.560,82.790,79.640,78.080,76.880,76.240,75.340,74.550,74.240,73.830,73.860,72.340,73.050,72.890,71.940,69.830,M26,N26,Q26,U26,V26,X26,Z26,F27,G27,H27,J27,K27,M27,N27,Q27,U27
2026-05-11,8,92.130,86.610,83.440,81.680,80.330,79.430,78.380,77.410,77.080,76.480,76.260,74.800,75.560,74.850,,,M26,N26,Q26,U26,V26,X26,Z26,F27,G27,H27,J27,K27,M27,N27,,
2026-05-12,7,95.930,89.950,86.370,84.070,82.310,81.200,79.880,78.630,78.300,77.460,77.560,75.830,76.320,76.200,75.070,72.670,M26,N26,Q26,U26,V26,X26,Z26,F27,G27,H27,J27,K27,M27,N27,Q27,U27
2026-05-13,6,94.880,88.430,84.670,82.260,80.470,79.330,78.110,77.250,76.790,75.920,76.070,74.490,74.970,74.290,,,M26,N26,Q26,U26,V26,X26,Z26,F27,G27,H27,J27,K27,M27,N27,,
2026-05-14,5,95.900,89.480,85.600,82.920,80.980,79.700,78.510,77.390,76.860,76.150,75.750,74.130,75.120,74.440,73.480,,M26,N26,Q26,U26,V26,X26,Z26,F27,G27,H27,J27,K27,M27,N27,Q27,
2026-05-15,4,99.540,92.830,88.480,85.440,83.080,81.430,79.820,78.540,77.830,77.120,76.950,75.330,75.780,75.460,74.320,71.690,M26,N26,Q26,U26,V26,X26,Z26,F27,G27,H27,J27,K27,M27,N27,Q27,U27
2026-05-18,1,101.130,94.160,89.700,86.330,83.650,81.840,80.150,78.740,77.960,77.090,77.030,75.170,75.570,75.740,74.620,72.480,M26,N26,Q26,U26,V26,X26,Z26,F27,G27,H27,J27,K27,M27,N27,Q27,U27
2026-05-19,0,102.470,95.700,91.260,87.820,85.020,82.940,81.090,79.530,78.580,77.600,77.390,75.880,76.010,75.850,74.570,72.040,M26,N26,Q26,U26,V26,X26,Z26,F27,G27,H27,J27,K27,M27,N27,Q27,U27
2026-05-20,33,97.520,91.490,87.630,84.580,82.160,80.290,78.650,77.430,76.670,75.590,75.250,74.310,73.980,74.130,73.200,72.040,N26,Q26,U26,V26,X26,Z26,F27,G27,H27,J27,K27,M27,N27,Q27,U27,V27
2026-05-21,32,96.440,91.260,87.800,84.780,82.350,80.360,78.630,77.490,76.640,75.710,74.970,74.360,74.520,74.350,73.310,72.480,N26,Q26,U26,V26,X26,Z26,F27,G27,H27,J27,K27,M27,N27,Q27,U27,V27
2026-05-22,31,95.440,90.050,86.740,84.010,81.800,80.000,78.440,76.740,76.310,75.190,74.750,74.090,73.810,73.980,73.000,72.110,N26,Q26,U26,V26,X26,Z26,F27,G27,H27,J27,K27,M27,N27,Q27,U27,V27
2026-05-25,28,88.740,84.320,81.960,80.030,78.370,77.040,75.900,74.830,74.230,73.530,73.310,72.490,,,,,N26,Q26,U26,V26,X26,Z26,F27,G27,H27,J27,K27,M27,,,,
2026-05-26,27,92.010,86.800,83.790,81.460,79.480,78.000,76.660,75.650,74.950,74.470,73.870,73.010,,,,,N26,Q26,U26,V26,X26,Z26,F27,G27,H27,J27,K27,M27,,,,
2026-05-27,26,87.850,83.280,80.990,79.350,77.840,76.710,75.600,74.740,74.340,73.620,73.270,72.540,72.750,72.630,72.550,,N26,Q26,U26,V26,X26,Z26,F27,G27,H27,J27,K27,M27,N27,Q27,U27,
2026-05-28,25,86.970,83.180,81.520,79.920,78.670,77.480,76.530,75.630,75.130,74.550,74.040,73.220,73.350,73.820,73.060,71.860,N26,Q26,U26,V26,X26,Z26,F27,G27,H27,J27,K27,M27,N27,Q27,U27,V27
2026-05-29,24,86.210,82.420,80.580,79.150,77.810,76.970,76.010,75.100,74.640,73.970,73.930,73.050,73.360,73.450,72.100,71.710,N26,Q26,U26,V26,X26,Z26,F27,G27,H27,J27,K27,M27,N27,Q27,U27,V27
2026-06-01,21,90.920,86.130,83.530,81.540,79.900,78.690,77.520,76.640,76.050,75.210,74.910,74.090,74.100,74.130,73.180,72.390,N26,Q26,U26,V26,X26,Z26,F27,G27,H27,J27,K27,M27,N27,Q27,U27,V27
2026-06-02,20,91.830,86.970,84.220,82.110,80.540,79.310,78.240,77.330,76.780,76.070,75.860,74.940,74.430,74.620,74.090,73.210,N26,Q26,U26,V26,X26,Z26,F27,G27,H27,J27,K27,M27,N27,Q27,U27,V27
2026-06-03,19,94.640,89.470,86.300,83.880,81.950,80.570,79.300,78.270,77.610,76.710,76.800,75.550,75.820,75.870,74.740,73.930,N26,Q26,U26,V26,X26,Z26,F27,G27,H27,J27,K27,M27,N27,Q27,U27,V27
2026-06-04,18,91.350,86.630,83.940,81.840,80.180,78.920,77.760,76.840,76.300,75.620,75.320,74.460,74.420,,,,N26,Q26,U26,V26,X26,Z26,F27,G27,H27,J27,K27,M27,N27,,,
2026-06-05,17,88.690,84.520,82.190,80.380,78.840,77.750,76.700,75.910,75.360,74.840,74.620,73.680,73.700,74.030,72.800,72.280,N26,Q26,U26,V26,X26,Z26,F27,G27,H27,J27,K27,M27,N27,Q27,U27,V27
2026-06-08,14,89.720,85.880,83.910,82.270,80.820,79.710,78.660,77.830,77.280,76.630,76.360,75.340,75.540,,,,N26,Q26,U26,V26,X26,Z26,F27,G27,H27,J27,K27,M27,N27,,,
2026-06-09,13,87.140,83.690,82.060,80.670,79.520,78.570,77.620,76.860,76.330,75.630,75.380,74.460,74.440,74.650,73.720,72.950,N26,Q26,U26,V26,X26,Z26,F27,G27,H27,J27,K27,M27,N27,Q27,U27,V27
2026-06-10,12,90.290,86.640,84.940,83.430,82.060,80.970,79.690,78.510,78.240,76.780,76.660,76.190,75.880,76.040,75.030,74.110,N26,Q26,U26,V26,X26,Z26,F27,G27,H27,J27,K27,M27,N27,Q27,U27,V27
2026-06-11,11,84.860,81.640,80.460,79.370,78.430,77.580,76.780,76.150,75.770,75.140,74.890,74.140,74.050,74.240,74.120,74.080,N26,Q26,U26,V26,X26,Z26,F27,G27,H27,J27,K27,M27,N27,Q27,U27,V27
2026-06-12,10,82.730,79.470,78.250,77.230,76.290,75.510,74.810,74.180,73.900,73.500,73.250,72.520,72.680,72.950,72.070,71.180,N26,Q26,U26,V26,X26,Z26,F27,G27,H27,J27,K27,M27,N27,Q27,U27,V27
2026-06-15,7,79.600,76.510,75.530,74.730,73.980,73.420,72.740,72.270,72.070,71.670,71.630,70.900,71.110,71.520,70.710,70.030,N26,Q26,U26,V26,X26,Z26,F27,G27,H27,J27,K27,M27,N27,Q27,U27,V27
2026-06-16,6,75.060,72.530,72.060,71.810,71.460,71.200,70.780,70.460,70.230,69.990,69.870,69.400,69.860,69.760,69.470,68.420,N26,Q26,U26,V26,X26,Z26,F27,G27,H27,J27,K27,M27,N27,Q27,U27,V27
2026-06-17,5,74.090,71.710,71.280,70.970,70.570,70.310,69.940,69.590,69.520,69.230,69.330,68.590,69.280,70.340,68.680,68.250,N26,Q26,U26,V26,X26,Z26,F27,G27,H27,J27,K27,M27,N27,Q27,U27,V27
2026-06-18,4,75.130,72.300,71.790,71.390,70.900,70.540,70.090,69.670,69.510,69.140,69.090,68.390,68.620,69.000,68.240,67.640,N26,Q26,U26,V26,X26,Z26,F27,G27,H27,J27,K27,M27,N27,Q27,U27,V27
2026-06-19,3,75.980,73.240,72.620,72.190,71.660,71.320,70.830,70.580,70.130,69.280,69.810,68.950,69.130,,,,N26,Q26,U26,V26,X26,Z26,F27,G27,H27,J27,K27,M27,N27,,,
2026-06-22,0,73.630,70.780,70.140,69.920,69.650,69.460,69.140,68.830,68.760,68.380,68.410,67.800,67.650,68.090,67.620,67.040,N26,Q26,U26,V26,X26,Z26,F27,G27,H27,J27,K27,M27,N27,Q27,U27,V27
2026-06-23,28,72.600,70.050,69.490,69.390,69.160,68.970,68.680,68.610,68.580,68.210,68.050,68.010,67.620,67.970,67.170,66.910,Q26,U26,V26,X26,Z26,F27,G27,H27,J27,K27,M27,N27,Q27,U27,V27,X27
2026-06-24,27,69.420,67.140,66.800,66.830,66.780,66.700,66.540,66.360,66.440,66.150,66.210,66.300,65.950,66.250,65.960,65.670,Q26,U26,V26,X26,Z26,F27,G27,H27,J27,K27,M27,N27,Q27,U27,V27,X27
2026-06-25,26,71.020,68.730,68.380,68.360,68.180,68.040,67.820,67.540,67.560,67.580,67.200,66.720,67.200,67.330,67.090,66.440,Q26,U26,V26,X26,Z26,F27,G27,H27,J27,K27,M27,N27,Q27,U27,V27,X27
2026-06-26,25,69.790,67.520,67.230,67.300,67.210,67.140,66.810,66.790,66.650,66.070,66.550,66.400,66.270,66.490,66.050,65.760,Q26,U26,V26,X26,Z26,F27,G27,H27,J27,K27,M27,N27,Q27,U27,V27,X27
2026-06-29,22,69.970,67.750,67.480,67.570,67.490,67.390,67.170,66.880,66.950,66.600,66.500,66.420,66.220,66.280,65.930,65.640,Q26,U26,V26,X26,Z26,F27,G27,H27,J27,K27,M27,N27,Q27,U27,V27,X27
2026-06-30,21,69.580,67.400,67.250,67.330,67.340,67.320,67.130,66.870,66.680,66.560,66.520,66.320,66.110,66.340,65.840,65.590,Q26,U26,V26,X26,Z26,F27,G27,H27,J27,K27,M27,N27,Q27,U27,V27,X27
2026-07-01,20,67.640,65.650,65.670,66.030,66.250,66.420,66.390,66.370,66.440,66.320,66.210,66.200,66.050,66.070,,,Q26,U26,V26,X26,Z26,F27,G27,H27,J27,K27,M27,N27,Q27,U27,,
2026-07-02,19,68.010,66.070,66.110,66.480,66.720,66.890,66.930,66.770,66.910,66.640,66.710,66.510,66.420,66.130,66.300,,Q26,U26,V26,X26,Z26,F27,G27,H27,J27,K27,M27,N27,Q27,U27,V27,
2026-07-03,18,68.330,66.370,66.340,66.670,66.820,67.000,66.910,66.660,66.760,66.550,66.640,,,,,,Q26,U26,V26,X26,Z26,F27,G27,H27,J27,K27,M27,,,,,
2026-07-06,15,68.150,66.240,66.340,66.740,67.040,67.290,67.310,67.230,67.420,67.110,67.160,66.920,66.820,67.070,66.620,66.340,Q26,U26,V26,X26,Z26,F27,G27,H27,J27,K27,M27,N27,Q27,U27,V27,X27
2026-07-07,14,71.750,69.590,69.240,69.270,69.250,69.280,69.110,68.910,68.910,68.470,68.550,68.240,68.180,68.220,67.240,,Q26,U26,V26,X26,Z26,F27,G27,H27,J27,K27,M27,N27,Q27,U27,V27,
2026-07-08,13,74.310,72.070,71.630,71.410,71.210,71.040,70.680,70.350,70.300,69.950,69.910,69.730,68.840,69.100,68.400,68.040,Q26,U26,V26,X26,Z26,F27,G27,H27,J27,K27,M27,N27,Q27,U27,V27,X27
2026-07-09,12,71.360,69.280,69.080,69.130,69.070,69.060,68.930,68.700,68.810,68.410,68.360,68.110,,,,,Q26,U26,V26,X26,Z26,F27,G27,H27,J27,K27,M27,N27,,,,
2026-07-10,11,71.050,69.070,68.990,69.150,69.190,69.250,69.090,68.910,68.880,68.610,68.510,68.290,68.070,68.200,67.720,67.410,Q26,U26,V26,X26,Z26,F27,G27,H27,J27,K27,M27,N27,Q27,U27,V27,X27
2026-07-13,8,77.550,75.420,74.760,74.350,73.830,73.400,72.900,72.350,72.130,71.910,71.250,70.980,70.770,70.800,70.160,69.520,Q26,U26,V26,X26,Z26,F27,G27,H27,J27,K27,M27,N27,Q27,U27,V27,X27
2026-07-14,7,79.380,76.750,75.720,74.960,74.230,73.670,73.050,72.470,72.150,71.550,71.300,70.840,70.370,70.490,69.750,69.220,Q26,U26,V26,X26,Z26,F27,G27,H27,J27,K27,M27,N27,Q27,U27,V27,X27
2026-07-15,6,79.420,76.970,76.050,75.290,74.610,74.000,73.340,72.700,72.260,71.670,71.430,70.810,70.790,70.730,69.830,69.540,Q26,U26,V26,X26,Z26,F27,G27,H27,J27,K27,M27,N27,Q27,U27,V27,X27
2026-07-16,5,79.130,76.530,75.700,75.140,74.560,74.070,73.450,72.890,72.180,71.910,71.610,71.100,70.440,70.500,69.750,69.230,Q26,U26,V26,X26,Z26,F27,G27,H27,J27,K27,M27,N27,Q27,U27,V27,X27
2026-07-17,4,82.020,79.410,78.050,77.020,76.090,75.300,74.550,73.810,73.310,72.750,72.410,71.930,71.610,71.290,71.260,70.410,Q26,U26,V26,X26,Z26,F27,G27,H27,J27,K27,M27,N27,Q27,U27,V27,X27
2026-07-20,1,82.510,80.060,78.570,77.400,76.330,75.440,74.570,73.840,73.350,72.660,72.290,71.850,71.310,71.170,70.580,70.050,Q26,U26,V26,X26,Z26,F27,G27,H27,J27,K27,M27,N27,Q27,U27,V27,X27
2026-07-21,0,84.540,82.180,79.940,78.150,76.710,75.600,74.660,73.810,73.240,72.600,72.160,71.710,71.260,71.150,70.750,70.190,Q26,U26,V26,X26,Z26,F27,G27,H27,J27,K27,M27,N27,Q27,U27,V27,X27
2026-07-22,999,86.480,83.370,80.640,78.540,76.990,75.740,74.790,74.020,73.440,72.810,72.370,71.830,71.500,71.120,70.800,70.550,U26,V26,X26,Z26,F27,G27,H27,J27,K27,M27,N27,Q27,U27,V27,X27,Z27
2026-07-23,999,92.360,86.800,82.720,79.920,78.010,76.580,75.520,74.650,73.870,73.400,72.820,72.350,71.800,71.450,,,U26,V26,X26,Z26,F27,G27,H27,J27,K27,M27,N27,Q27,U27,V27,,
2026-07-24,999,90.470,85.880,82.240,79.770,78.140,76.870,75.790,74.910,74.270,73.830,72.980,72.520,72.350,71.800,71.430,71.460,U26,V26,X26,Z26,F27,G27,H27,J27,K27,M27,N27,Q27,U27,V27,X27,Z27
2026-07-27,999,81.910,79.640,77.540,75.920,74.710,73.690,72.960,72.500,71.930,71.390,70.990,71.010,70.670,70.290,70.010,69.460,U26,V26,X26,Z26,F27,G27,H27,J27,K27,M27,N27,Q27,U27,V27,X27,Z27
2026-07-28,999,80.500,78.470,76.590,75.040,73.840,72.910,72.170,71.670,71.640,70.640,70.440,,,,,,U26,V26,X26,Z26,F27,G27,H27,J27,K27,M27,N27,,,,,
